SEQN,age,sex,bmi,height,WHtR,SBP,DBP,pulse,hdl,non_HDL,hba1c,eGFR,smoking
93711.0,56.0,male,21.3,170.6,0.5076201641266119,101.33333333333333,66.66666666666667,62.0,72.0,166.0,5.7,76.28318164650821,never
93714.0,54.0,female,39.9,147.8,0.8010825439783491,162.0,83.0,90.0,42.0,188.0,12.7,114.25069716019247,former
93718.0,45.0,male,22.0,157.3,0.4926891290527654,131.33333333333334,90.0,82.0,63.0,89.0,5.7,108.81924499731535,never
93728.0,53.0,male,33.4,188.1,0.6294524189261032,124.0,74.66666666666667,78.0,62.0,81.0,5.3,81.15478955139758,never
93729.0,42.0,male,27.6,173.2,0.5860277136258661,126.0,84.0,66.0,49.0,116.0,5.3,105.1374643311218,current
93730.0,57.0,male,28.6,167.6,0.5745823389021479,132.66666666666666,74.0,94.0,49.0,172.0,13.3,109.90370058539442,never
93735.0,52.0,male,35.1,147.7,0.7081922816519973,152.0,70.66666666666667,62.0,42.0,79.0,5.0,4.851828260980209,never
93758.0,55.0,female,30.8,156.9,0.6488209050350542,149.33333333333334,76.66666666666667,72.0,49.0,397.0,6.5,72.58578018138267,current
93760.0,54.0,female,37.7,150.6,0.6892430278884463,133.33333333333334,68.66666666666667,54.0,41.0,172.0,6.2,108.38514429682519,never
93761.0,44.0,male,29.0,166.4,0.6159855769230769,130.66666666666666,91.33333333333333,88.0,53.0,142.0,5.8,113.21528111368795,current
93763.0,40.0,male,25.5,181.5,0.5184573002754821,122.0,86.0,78.0,33.0,190.0,5.3,87.98877158972857,former
93770.0,55.0,male,26.0,172.3,0.5531050493325594,128.66666666666666,64.66666666666667,84.0,44.0,106.0,5.5,99.53464399440298,current
93772.0,55.0,female,30.7,161.9,0.6819024088943793,122.0,62.666666666666664,58.0,41.0,57.0,5.5,48.11777451168909,never
93774.0,41.0,female,25.9,165.5,0.5438066465256798,118.0,75.0,74.0,54.0,146.0,5.5,115.57441982189357,never
93775.0,47.0,female,25.9,150.4,0.581781914893617,111.33333333333333,74.0,56.0,70.0,97.0,5.4,91.39683648165493,former
93780.0,46.0,female,33.5,161.7,0.6456400742115028,130.66666666666666,88.0,78.0,46.0,141.0,5.3,99.3725969693899,former
93797.0,52.0,female,32.0,164.3,0.7035909920876444,114.66666666666667,76.66666666666667,82.0,59.0,124.0,5.8,98.88870236821016,never
93801.0,59.0,male,24.7,179.0,0.5435754189944134,114.66666666666667,71.33333333333333,66.0,35.0,121.0,6.2,86.700161782722,never
93806.0,44.0,male,28.4,176.1,0.6235093696763203,102.66666666666667,74.0,90.0,35.0,209.0,5.7,115.5342725853043,current
93813.0,42.0,female,43.2,155.3,0.7462974887314874,137.33333333333334,93.33333333333333,84.0,54.0,157.0,5.3,114.40122516243031,never
93814.0,41.0,female,27.8,168.9,0.53700414446418,104.0,77.33333333333333,66.0,50.0,83.0,4.6,102.51128502382936,never
93817.0,55.0,male,24.3,158.7,0.5626969124133585,125.33333333333333,90.66666666666667,94.0,42.0,103.0,5.8,103.73907741093174,never
93823.0,58.0,female,33.4,159.8,0.6526908635794743,130.0,76.66666666666667,64.0,52.0,182.0,5.9,98.49587580180284,never
93824.0,52.0,female,28.4,159.4,0.548306148055207,106.66666666666667,64.66666666666667,58.0,73.0,118.0,5.6,105.48118530264462,never
93834.0,48.0,female,36.5,161.7,0.777365491651206,142.0,79.33333333333333,98.0,31.0,236.0,11.5,108.94310436439523,former
93839.0,50.0,female,30.1,177.4,0.6042841037204059,138.0,88.66666666666667,88.0,40.0,215.0,5.4,106.80141743231928,never
93840.0,47.0,male,24.0,180.7,0.4770337576092972,116.0,84.66666666666667,58.0,52.0,114.0,5.1,107.85436094809224,current
93841.0,48.0,female,32.8,171.5,0.6314868804664723,112.0,80.0,82.0,67.0,150.0,5.7,69.49253277221659,current
93843.0,42.0,female,21.0,163.8,0.45787545787545786,92.0,56.0,58.0,88.0,116.0,5.4,80.77826395836951,never
93847.0,43.0,female,40.9,156.6,0.7094508301404853,112.0,60.666666666666664,64.0,54.0,70.0,5.8,96.58944158668045,never
93849.0,40.0,female,22.7,164.6,0.5127582017010937,109.33333333333333,72.0,58.0,47.0,106.0,5.2,101.52427353570347,former
93852.0,45.0,female,27.2,171.0,0.5532163742690058,126.0,79.33333333333333,68.0,70.0,107.0,5.3,101.61623497648871,never
93863.0,50.0,male,31.6,172.9,0.7061885482938114,116.66666666666667,74.0,84.0,44.0,204.0,5.6,107.01568095132788,current
93871.0,55.0,female,21.4,158.8,0.5094458438287154,148.66666666666666,94.66666666666667,94.0,89.0,150.0,5.3,82.01550137431121,current
93878.0,59.0,female,24.1,162.5,0.556923076923077,110.66666666666667,62.0,60.0,67.0,140.0,5.2,72.6737191608886,former
93891.0,56.0,female,44.6,145.4,0.875515818431912,171.33333333333334,84.0,64.0,54.0,150.0,5.8,103.65534124798963,never
93893.0,55.0,male,28.2,178.0,0.5769662921348315,156.66666666666666,101.33333333333333,58.0,53.0,139.0,5.6,31.086401234598018,current
93895.0,40.0,male,34.1,181.9,0.679494227597581,122.0,86.0,78.0,48.0,186.0,5.2,113.0568638706307,former
93907.0,41.0,female,26.7,173.7,0.5273459988485896,125.33333333333333,80.66666666666667,82.0,34.0,114.0,5.0,112.54135658238424,never
93909.0,41.0,male,24.8,165.9,0.5304400241109102,118.66666666666667,76.66666666666667,74.0,34.0,186.0,5.4,107.17479258271909,never
93913.0,40.0,female,24.8,160.3,0.6044915782907049,121.33333333333333,78.0,84.0,96.0,120.0,4.9,115.38006618419608,never
93914.0,41.0,male,34.6,176.6,0.6517553793884484,108.66666666666667,61.333333333333336,82.0,38.0,120.0,5.9,101.83863388834045,never
93923.0,52.0,male,30.3,188.5,0.5665782493368701,140.66666666666666,91.33333333333333,74.0,30.0,98.0,5.5,91.65680776065304,never
93927.0,54.0,female,24.5,156.1,0.5643818065342728,122.0,76.0,78.0,72.0,168.0,5.6,110.85586171453662,current
93932.0,54.0,female,31.3,158.6,0.671500630517024,126.0,66.0,60.0,53.0,188.0,6.2,105.75883970808275,never
93939.0,40.0,female,28.8,153.3,0.5981735159817352,116.0,68.0,90.0,44.0,127.0,5.8,62.410890556471465,never
93940.0,50.0,male,24.8,166.2,0.529482551143201,116.0,74.66666666666667,72.0,42.0,252.0,5.4,89.53828465816017,never
93941.0,42.0,male,28.3,167.6,0.5531026252983294,108.66666666666667,76.66666666666667,64.0,55.0,158.0,5.6,72.33901180898712,never
93947.0,53.0,female,25.7,146.7,0.6203135650988412,135.33333333333334,81.33333333333333,58.0,90.0,164.0,5.2,106.00906640769617,never
93949.0,49.0,female,24.6,150.7,0.6005308560053086,128.0,73.33333333333333,90.0,40.0,157.0,8.0,115.46513224652631,never
93957.0,41.0,female,29.1,166.5,0.5855855855855856,108.66666666666667,76.66666666666667,76.0,36.0,181.0,5.9,104.17586855243808,never
93964.0,52.0,male,28.9,172.0,0.5837209302325582,114.0,66.0,64.0,42.0,140.0,6.4,103.82032241190745,former
93968.0,57.0,male,26.1,171.8,0.5756693830034925,183.33333333333334,93.33333333333333,50.0,57.0,149.0,6.0,94.55151647841767,current
93971.0,40.0,male,38.2,168.7,0.6799051570835803,109.33333333333333,71.33333333333333,118.0,50.0,184.0,5.9,99.9695555400793,never
93974.0,59.0,male,29.3,181.8,0.6089108910891089,127.33333333333333,86.0,70.0,39.0,124.0,5.1,79.05173412084238,never
93975.0,54.0,female,27.2,161.4,0.604089219330855,120.0,70.0,64.0,71.0,126.0,5.8,104.17727330165486,never
93978.0,57.0,male,21.2,168.0,0.5214285714285714,164.66666666666666,92.66666666666667,72.0,55.0,173.0,5.3,109.90370058539442,former
93981.0,52.0,female,26.8,157.3,0.5937698664971393,125.33333333333333,60.0,62.0,45.0,197.0,7.2,104.72501756198753,never
93982.0,57.0,female,20.5,171.4,0.45449241540256713,98.66666666666667,61.333333333333336,70.0,80.0,105.0,5.3,99.11036003401374,never
94013.0,56.0,male,22.4,174.5,0.504297994269341,139.33333333333334,72.66666666666667,66.0,53.0,139.0,5.7,95.14139311573523,former
94017.0,54.0,male,31.8,170.5,0.6451612903225806,130.0,90.66666666666667,90.0,49.0,170.0,5.8,23.836646237584784,former
94029.0,46.0,female,24.9,166.2,0.516245487364621,108.66666666666667,61.333333333333336,70.0,97.0,170.0,5.3,107.94996546308099,former
94030.0,45.0,male,28.8,193.9,0.5528623001547189,122.0,82.66666666666667,60.0,57.0,116.0,5.2,104.54147450817814,former
94033.0,55.0,female,29.2,159.7,0.6449592986850344,152.0,92.66666666666667,70.0,41.0,181.0,5.7,105.10313490189264,former
94037.0,59.0,male,26.4,167.7,0.5897435897435899,128.0,57.333333333333336,62.0,49.0,101.0,8.1,105.24360610037972,never
94038.0,59.0,female,30.3,162.5,0.6344615384615384,102.66666666666667,72.0,74.0,45.0,190.0,5.7,100.98757605827362,current
94046.0,46.0,male,28.7,170.0,0.5947058823529412,115.33333333333333,72.0,66.0,29.0,201.0,5.7,83.84202987764414,former
94047.0,45.0,female,35.6,162.3,0.6728280961182994,121.33333333333333,71.33333333333333,76.0,34.0,156.0,6.0,115.63391955472184,current
94050.0,55.0,female,27.3,171.2,0.5695093457943926,131.33333333333334,84.0,62.0,40.0,230.0,5.6,72.58578018138267,never
94060.0,59.0,male,41.0,175.8,0.7866894197952219,129.33333333333334,81.33333333333333,78.0,33.0,162.0,5.8,99.05499203807824,never
94067.0,44.0,male,35.8,166.0,0.6795180722891566,130.66666666666666,86.0,84.0,48.0,165.0,5.8,117.02881913272002,former
94092.0,52.0,male,27.1,171.1,0.5476329631794272,147.33333333333334,86.66666666666667,86.0,24.0,150.0,5.4,48.940364054232816,never
94105.0,46.0,female,28.0,162.7,0.5968039336201598,118.66666666666667,78.66666666666667,74.0,65.0,139.0,5.3,99.3725969693899,current
94118.0,50.0,female,26.8,163.7,0.518020769700672,127.33333333333333,77.33333333333333,72.0,48.0,150.0,5.6,100.12642113060136,never
94119.0,57.0,male,23.5,173.5,0.5325648414985591,159.33333333333334,72.66666666666667,62.0,32.0,126.0,6.1,67.81345956339482,never
94124.0,55.0,male,27.8,173.0,0.5421965317919075,109.33333333333333,72.66666666666667,74.0,31.0,148.0,5.7,75.95180802015436,never
94137.0,49.0,female,24.5,153.3,0.5205479452054794,115.33333333333333,75.33333333333333,78.0,64.0,119.0,5.6,65.13433358802786,never
94139.0,49.0,female,32.0,163.3,0.6932026944274341,120.66666666666667,70.66666666666667,62.0,64.0,127.0,5.3,74.38471590270265,current
94155.0,56.0,male,38.0,178.0,0.7280898876404494,121.33333333333333,66.0,90.0,48.0,73.0,6.0,90.50063778359142,never
94174.0,45.0,female,25.8,148.8,0.5625,118.0,69.33333333333333,72.0,57.0,163.0,5.6,111.84736209831335,never
94177.0,59.0,female,25.9,145.7,0.5881949210706933,124.66666666666667,74.0,68.0,71.0,116.0,5.5,109.04327798382737,never
94182.0,59.0,female,23.2,158.2,0.48419721871049304,108.66666666666667,60.0,54.0,55.0,95.0,5.2,64.89736401081213,never
94183.0,49.0,male,44.5,186.1,0.7329392799570124,138.0,95.33333333333333,88.0,48.0,175.0,5.9,62.6866526716309,never
94187.0,54.0,female,29.6,144.7,0.5860400829302005,154.0,87.33333333333333,62.0,63.0,137.0,5.4,107.47239525939189,never
94190.0,43.0,male,25.7,175.3,0.5288077581289218,110.66666666666667,79.33333333333333,86.0,54.0,95.0,5.2,96.93347804001834,current
94192.0,54.0,female,41.8,154.0,0.8227272727272728,128.0,83.33333333333333,66.0,44.0,108.0,6.9,110.85586171453662,current
94193.0,58.0,female,41.1,168.8,0.761255924170616,145.33333333333334,103.33333333333333,76.0,46.0,100.0,6.0,101.99219191981044,never
94206.0,56.0,male,27.2,169.3,0.5623154164205552,132.66666666666666,82.0,60.0,64.0,187.0,5.6,101.98320154659235,never
94208.0,45.0,female,46.0,160.4,0.6988778054862842,114.0,61.333333333333336,60.0,46.0,94.0,6.1,82.53952338250114,never
94223.0,43.0,female,29.3,167.0,0.555688622754491,100.66666666666667,70.0,76.0,35.0,170.0,5.6,102.888092302775,former
94255.0,43.0,male,31.6,177.0,0.6271186440677966,124.66666666666667,86.66666666666667,94.0,35.0,196.0,5.2,110.96701697556229,never
94258.0,51.0,male,28.7,182.6,0.5761226725082147,124.0,86.0,82.0,37.0,155.0,5.8,82.17054568207935,never
94259.0,50.0,female,23.0,166.6,0.5036014405762306,116.66666666666667,85.33333333333333,62.0,100.0,103.0,5.8,100.12642113060136,never
94266.0,43.0,male,26.7,159.1,0.5876807039597738,109.33333333333333,68.0,60.0,36.0,127.0,5.1,110.57112804401123,former
94274.0,58.0,female,32.9,173.3,0.6791690709751875,126.66666666666667,83.33333333333333,80.0,57.0,134.0,5.7,81.66469676678634,never
94275.0,54.0,male,31.0,180.6,0.6417497231450721,134.66666666666666,90.0,76.0,73.0,81.0,5.1,111.45842551112399,never
94284.0,58.0,female,26.0,172.7,0.5182397220613781,133.33333333333334,86.0,64.0,66.0,182.0,5.7,102.37399952783213,never
94285.0,43.0,male,43.7,174.6,0.7898052691867126,123.33333333333333,73.33333333333333,90.0,30.0,193.0,12.0,109.79724461822728,current
94295.0,48.0,female,32.8,157.4,0.6340533672172808,120.66666666666667,71.33333333333333,80.0,50.0,160.0,5.3,110.65082818956236,never
94304.0,40.0,male,23.4,167.2,0.4844497607655503,97.33333333333333,64.66666666666667,94.0,51.0,120.0,5.3,111.47962820346706,never
94314.0,48.0,male,23.7,171.8,0.5157159487776484,122.66666666666667,87.33333333333333,76.0,50.0,74.0,5.5,105.35131965218496,current
94319.0,44.0,male,26.4,172.4,0.558584686774942,111.33333333333333,71.33333333333333,62.0,52.0,221.0,5.1,89.76517106293736,former
94324.0,50.0,female,31.4,159.0,0.6446540880503144,137.33333333333334,92.66666666666667,62.0,51.0,122.0,5.5,89.70737342385397,former
94326.0,55.0,male,33.3,169.6,0.6863207547169812,113.33333333333333,67.33333333333333,76.0,41.0,134.0,6.1,102.98686079803451,former
94330.0,57.0,female,37.3,154.5,0.7883495145631068,152.66666666666666,76.0,66.0,56.0,155.0,7.5,102.25156491304004,never
94337.0,44.0,male,46.2,172.9,0.7738577212261423,164.66666666666666,110.0,90.0,48.0,159.0,5.8,109.11650170159429,never
94342.0,57.0,female,34.6,160.3,0.6175920149719276,129.33333333333334,82.0,70.0,52.0,150.0,5.7,76.60372096694083,never
94350.0,54.0,male,28.5,171.4,0.5845974329054843,106.0,77.33333333333333,74.0,49.0,208.0,5.8,77.23796336492148,never
94356.0,58.0,male,27.5,182.1,0.5771554091158704,120.66666666666667,62.666666666666664,82.0,89.0,163.0,5.0,86.20555791652036,current
94360.0,44.0,male,31.7,178.9,0.6472889882615986,137.33333333333334,92.0,88.0,35.0,127.0,5.0,72.1257542161648,current
94385.0,48.0,female,26.4,165.6,0.5265700483091788,97.33333333333333,69.33333333333333,72.0,52.0,121.0,5.4,95.09315799913425,never
94401.0,57.0,male,25.5,162.8,0.5724815724815725,133.33333333333334,84.66666666666667,66.0,47.0,202.0,5.9,87.78532534914498,never
94427.0,49.0,female,37.3,155.2,0.6623711340206185,113.33333333333333,70.0,82.0,34.0,120.0,5.5,109.09923753370651,never
94433.0,46.0,male,36.2,180.5,0.6736842105263158,174.66666666666666,74.0,84.0,43.0,151.0,9.2,118.80162665661855,never
94445.0,53.0,male,24.6,174.0,0.5327586206896552,115.33333333333333,86.0,72.0,44.0,158.0,5.3,76.1006813230355,former
94448.0,41.0,male,34.0,175.8,0.6632536973833901,119.33333333333333,87.33333333333333,84.0,27.0,98.0,5.8,111.17149775805332,never
94457.0,46.0,female,25.0,164.6,0.5218712029161604,101.33333333333333,63.333333333333336,78.0,67.0,99.0,5.6,113.42931128248769,never
94459.0,52.0,female,50.4,160.6,0.8978829389788293,151.33333333333334,87.33333333333333,64.0,34.0,171.0,6.8,95.732763133183,former
94471.0,42.0,female,29.4,161.3,0.6298822070675759,183.33333333333334,83.33333333333333,82.0,43.0,148.0,5.6,111.44498183561716,never
94474.0,55.0,male,23.0,183.6,0.4929193899782135,136.0,82.66666666666667,92.0,37.0,96.0,10.0,115.78170970562799,never
94486.0,44.0,female,31.2,176.7,0.6338426711941143,108.0,73.33333333333333,84.0,35.0,101.0,6.6,72.10741677930734,current
94497.0,45.0,male,28.9,168.6,0.6002372479240807,100.66666666666667,65.33333333333333,72.0,48.0,152.0,6.1,114.34067110368905,current
94501.0,41.0,female,35.3,162.8,0.6210073710073709,124.66666666666667,76.0,58.0,55.0,123.0,6.0,94.87181502672615,never
94503.0,52.0,female,19.2,173.6,0.43721198156682034,122.0,56.0,74.0,84.0,137.0,5.3,111.71932009891214,current
94509.0,53.0,female,26.3,168.2,0.6076099881093936,112.0,74.66666666666667,82.0,63.0,212.0,5.6,60.74650623993969,never
94510.0,49.0,female,32.6,158.2,0.6188369152970924,112.0,60.666666666666664,66.0,50.0,135.0,5.6,64.39766116321013,never
94512.0,43.0,female,25.3,155.4,0.5386100386100386,109.33333333333333,64.66666666666667,102.0,60.0,123.0,7.9,124.39160720056307,never
94515.0,58.0,female,44.6,148.3,0.8132164531355359,164.0,86.66666666666667,74.0,55.0,139.0,9.4,104.40077184911601,never
94519.0,59.0,male,29.6,178.3,0.5793606281547953,128.0,93.0,72.0,45.0,173.0,5.8,105.68907892963303,never
94539.0,55.0,female,30.4,165.8,0.5410132689987938,124.0,74.0,60.0,54.0,134.0,5.5,77.56251464548183,current
94552.0,56.0,female,24.3,156.4,0.6010230179028133,139.33333333333334,86.66666666666667,80.0,42.0,151.0,6.1,116.08727092215052,never
94559.0,41.0,male,36.8,164.1,0.6709323583180987,121.33333333333333,76.66666666666667,92.0,29.0,118.0,5.3,107.17479258271909,never
94565.0,45.0,female,33.3,168.4,0.6597387173396674,147.33333333333334,91.33333333333333,96.0,52.0,178.0,5.1,110.17474512340578,never
94570.0,48.0,male,33.7,166.6,0.6566626650660264,116.66666666666667,76.0,94.0,23.0,408.0,8.9,93.9655711453896,current
94579.0,52.0,male,27.8,171.7,0.5882352941176471,110.66666666666667,78.0,62.0,41.0,154.0,6.3,82.5692717932388,never
94596.0,45.0,male,24.1,175.8,0.5318543799772468,118.66666666666667,79.33333333333333,72.0,53.0,109.0,5.3,69.6829233180049,never
94605.0,42.0,male,31.8,170.6,0.638335287221571,136.0,82.66666666666667,86.0,42.0,141.0,6.3,64.35516292007354,never
94606.0,57.0,female,25.7,176.4,0.5651927437641723,105.33333333333333,78.0,84.0,73.0,85.0,9.5,101.16200329105925,former
94615.0,47.0,female,37.4,165.0,0.7387878787878788,108.66666666666667,65.33333333333333,66.0,38.0,136.0,5.5,86.19935276025228,former
94618.0,49.0,male,32.7,176.5,0.6753541076487253,122.66666666666667,86.0,108.0,42.0,130.0,5.4,79.67752799698384,former
94623.0,48.0,female,23.9,166.5,0.5747747747747748,124.66666666666667,72.66666666666667,100.0,77.0,98.0,5.4,99.73786717214946,never
94627.0,59.0,male,37.4,157.0,0.7605095541401274,157.33333333333334,88.0,80.0,41.0,132.0,7.5,98.71754636500404,never
94640.0,55.0,female,31.8,151.5,0.6402640264026402,120.66666666666667,76.66666666666667,74.0,43.0,140.0,5.4,104.69862897275345,never
94651.0,57.0,female,41.0,155.5,0.7768488745980707,130.0,74.66666666666667,80.0,35.0,153.0,5.8,70.77431064144807,former
94660.0,40.0,female,32.7,157.4,0.6467598475222363,93.33333333333333,62.666666666666664,78.0,79.0,185.0,5.1,88.76535421051122,never
94664.0,41.0,male,21.7,165.5,0.4622356495468278,131.33333333333334,86.0,70.0,61.0,223.0,5.7,95.8191680907782,never
94678.0,58.0,female,24.2,171.9,0.4810936591041303,122.66666666666667,76.0,58.0,88.0,121.0,5.4,101.24999649000503,never
94685.0,47.0,female,38.5,164.2,0.6790499390986602,123.33333333333333,82.66666666666667,66.0,46.0,116.0,5.4,107.28067567720989,current
94695.0,56.0,female,17.9,165.4,0.4498186215235792,118.66666666666667,72.66666666666667,70.0,53.0,224.0,5.7,93.38057929023518,current
94696.0,43.0,female,22.2,158.4,0.5,96.0,65.33333333333333,64.0,48.0,107.0,5.2,78.2102439006049,never
94698.0,59.0,female,20.5,159.7,0.535378835316218,142.66666666666666,78.0,74.0,63.0,198.0,5.7,102.12615101026228,current
94706.0,43.0,female,27.1,161.6,0.5891089108910892,134.66666666666666,80.66666666666667,66.0,64.0,115.0,5.5,111.96493677342299,never
94708.0,41.0,male,30.9,181.9,0.5981308411214953,116.0,86.0,68.0,46.0,165.0,5.7,81.1499875303906,never
94713.0,56.0,female,26.8,159.4,0.5746549560853199,123.33333333333333,66.66666666666667,66.0,61.0,120.0,5.6,85.14282527639995,current
94719.0,56.0,female,31.8,159.8,0.6339173967459324,112.0,72.66666666666667,76.0,47.0,138.0,5.5,94.89689794863783,never
94725.0,56.0,male,35.6,169.2,0.698581560283688,118.66666666666667,72.0,88.0,38.0,93.0,6.0,72.42100075875773,former
94726.0,46.0,female,29.4,169.0,0.6017751479289941,104.0,64.0,72.0,60.0,138.0,8.1,102.64852745962281,never
94731.0,44.0,female,26.6,172.6,0.5730011587485516,136.66666666666666,72.0,68.0,42.0,103.0,5.0,97.48848036188426,never
94736.0,51.0,male,25.6,167.4,0.44802867383512546,118.0,75.33333333333333,70.0,41.0,163.0,7.2,86.93365943250865,never
94740.0,46.0,female,21.9,155.3,0.5035415325177076,106.66666666666667,69.33333333333333,82.0,41.0,171.0,5.6,111.59035138595583,former
94744.0,43.0,male,27.2,190.1,0.5323513940031562,122.0,63.333333333333336,66.0,41.0,186.0,7.7,92.43391752955695,never
94747.0,59.0,female,24.9,158.8,0.5875314861460956,166.66666666666666,86.0,56.0,75.0,214.0,5.6,87.44068151079223,current
94748.0,51.0,female,24.5,160.8,0.5889303482587065,146.66666666666666,76.0,68.0,57.0,253.0,6.0,27.684206795545393,never
94763.0,43.0,male,35.7,187.4,0.6446104589114194,122.66666666666667,68.66666666666667,60.0,56.0,134.0,5.2,107.24729780281115,former
94764.0,43.0,female,41.5,169.5,0.7032448377581121,121.33333333333333,72.0,74.0,28.0,184.0,5.9,93.69905139296438,current
94765.0,55.0,male,26.2,172.0,0.5726744186046512,118.66666666666667,72.66666666666667,72.0,54.0,101.0,5.4,88.88407112743099,current
94766.0,42.0,male,33.1,176.7,0.6095076400679118,106.66666666666667,68.0,66.0,48.0,135.0,5.8,91.93841868838255,never
94771.0,42.0,female,25.5,164.9,0.5233474833232261,120.0,74.0,90.0,79.0,124.0,5.3,112.66345016444254,current
94785.0,55.0,male,26.6,165.0,0.573939393939394,112.0,72.0,58.0,44.0,67.0,5.7,92.19298084751962,never
94788.0,53.0,female,21.5,158.2,0.48293299620733254,93.33333333333333,64.0,64.0,72.0,122.0,5.6,108.14288112235046,never
94793.0,40.0,male,32.9,167.8,0.6257449344457687,110.0,76.66666666666667,68.0,42.0,160.0,5.1,103.76973932002895,never
94801.0,45.0,male,30.9,176.4,0.5391156462585034,106.0,70.66666666666667,54.0,36.0,107.0,5.1,77.54889347718691,never
94812.0,46.0,male,27.6,168.0,0.569047619047619,122.0,86.66666666666667,78.0,45.0,182.0,5.7,106.66992634691798,current
94835.0,59.0,female,32.2,162.5,0.7292307692307692,130.66666666666666,77.33333333333333,68.0,58.0,159.0,5.9,75.65677947398473,former
94850.0,46.0,male,21.2,165.1,0.47062386432465175,95.33333333333333,62.666666666666664,94.0,54.0,122.0,5.4,116.09286830446273,current
94854.0,52.0,female,29.3,154.1,0.5788449059052564,100.66666666666667,72.0,60.0,54.0,113.0,6.0,107.50300387611935,current
94855.0,54.0,male,19.2,168.7,0.48784825133372856,178.0,98.0,78.0,121.0,82.0,5.4,63.51890119233775,current
94858.0,44.0,female,38.8,161.0,0.7440993788819875,119.33333333333333,75.33333333333333,78.0,76.0,145.0,5.5,105.66792401079427,former
94861.0,56.0,female,37.6,151.9,0.7590520078999341,148.0,76.66666666666667,58.0,54.0,122.0,6.0,91.90809597841358,current
94862.0,53.0,female,19.6,163.3,0.48071034905082666,132.66666666666666,95.33333333333333,74.0,83.0,158.0,5.1,104.44798229481503,never
94863.0,51.0,male,32.9,167.8,0.7079856972586411,132.66666666666666,67.33333333333333,78.0,39.0,146.0,7.3,58.82920480733888,former
94867.0,55.0,male,31.9,185.1,0.646677471636953,117.33333333333333,68.66666666666667,78.0,52.0,155.0,5.6,87.82907112305413,never
94868.0,59.0,male,36.9,187.0,0.6780748663101605,180.66666666666666,87.33333333333333,68.0,43.0,149.0,5.4,104.80611692547292,never
94879.0,48.0,female,32.3,175.1,0.6122215876641919,116.0,74.0,58.0,53.0,123.0,5.4,67.8606373821521,former
94882.0,55.0,female,24.2,158.3,0.5224257738471257,121.33333333333333,74.66666666666667,68.0,77.0,88.0,8.6,100.35085312598174,never
94883.0,59.0,male,24.6,186.0,0.5204301075268817,134.0,66.0,56.0,45.0,102.0,5.5,74.87309326397252,former
94889.0,41.0,female,37.3,148.5,0.6875420875420875,127.33333333333333,82.66666666666667,76.0,54.0,107.0,5.4,56.07111231051014,never
94890.0,57.0,male,25.2,171.5,0.5527696793002915,138.66666666666666,74.0,60.0,35.0,184.0,5.6,104.83503504467606,former
94891.0,40.0,female,27.2,162.5,0.588923076923077,124.66666666666667,69.33333333333333,86.0,58.0,162.0,5.5,98.40851494827916,never
94894.0,50.0,male,38.5,181.3,0.7330391616105901,118.0,78.66666666666667,80.0,56.0,91.0,5.1,93.94154215971133,never
94896.0,50.0,female,34.2,165.3,0.6678765880217786,111.33333333333333,66.66666666666667,92.0,57.0,111.0,5.5,111.59884422240982,never
94906.0,46.0,male,27.7,164.4,0.5857664233576642,137.33333333333334,90.66666666666667,80.0,38.0,242.0,5.3,87.6528351951641,former
94908.0,56.0,female,38.4,171.1,0.7668030391583869,155.33333333333334,80.0,58.0,39.0,226.0,6.6,61.654253183023,never
94909.0,59.0,male,32.4,180.4,0.6114190687361418,124.0,69.33333333333333,68.0,31.0,214.0,5.5,75.67601953940945,former
94920.0,58.0,female,37.8,152.5,0.7068852459016394,141.33333333333334,74.0,78.0,50.0,206.0,6.3,63.02652968378214,former
94930.0,50.0,female,48.1,155.9,0.873636946760744,148.0,80.0,68.0,50.0,62.0,6.3,67.81885868872382,never
94933.0,54.0,female,40.8,159.1,0.7875549968573224,111.33333333333333,70.0,68.0,66.0,135.0,7.2,100.97690996778198,never
94935.0,41.0,female,28.8,163.6,0.6112469437652812,107.33333333333333,67.33333333333333,70.0,37.0,162.0,5.4,96.31472393084532,former
94957.0,43.0,male,33.0,175.3,0.6411865373645179,122.0,84.66666666666667,58.0,53.0,179.0,5.4,92.43391752955695,former
94958.0,58.0,female,21.2,155.1,0.539651837524178,165.33333333333334,88.66666666666667,78.0,67.0,119.0,5.5,93.72382425083185,never
94959.0,48.0,male,31.2,174.0,0.6155172413793103,123.33333333333333,82.0,72.0,44.0,85.0,5.0,56.1718446176838,never
94962.0,57.0,female,19.9,157.2,0.4669211195928754,124.66666666666667,76.66666666666667,76.0,91.0,117.0,5.6,99.11036003401374,never
94964.0,48.0,male,29.4,161.3,0.6298822070675759,108.66666666666667,53.333333333333336,60.0,57.0,110.0,5.8,118.48179025024814,current
94966.0,44.0,male,27.5,184.8,0.5416666666666666,115.33333333333333,82.66666666666667,84.0,29.0,117.0,7.3,67.59476345189829,former
94967.0,40.0,female,34.8,163.5,0.5969418960244648,132.66666666666666,90.66666666666667,60.0,60.0,106.0,5.1,80.7236532975235,never
94970.0,55.0,male,29.0,168.4,0.594418052256532,173.33333333333334,108.66666666666667,74.0,48.0,172.0,5.0,108.35130426303613,current
94975.0,56.0,male,24.0,161.9,0.5046324891908586,125.33333333333333,84.0,76.0,60.0,157.0,5.9,79.65464989461398,never
94990.0,56.0,male,29.9,179.0,0.6100558659217877,116.66666666666667,79.33333333333333,66.0,64.0,98.0,6.5,74.69396644407405,current
94995.0,58.0,male,29.1,170.0,0.5841176470588235,130.0,68.66666666666667,78.0,51.0,201.0,6.7,81.34931065854836,never
94997.0,44.0,female,19.6,159.1,0.46260213702074165,114.66666666666667,74.0,74.0,72.0,118.0,5.8,111.27075416542777,never
94998.0,45.0,male,27.3,175.9,0.5702103467879477,107.33333333333333,78.0,66.0,41.0,159.0,5.2,108.06634763368162,never
95013.0,56.0,male,33.4,178.7,0.6306659205372133,140.66666666666666,83.33333333333333,66.0,51.0,156.0,6.3,101.62361151982608,never
95019.0,40.0,male,24.3,178.3,0.514301738642737,121.33333333333333,91.33333333333333,94.0,77.0,116.0,5.3,92.02628559701445,current
95025.0,57.0,male,37.4,183.7,0.6603157321720197,135.33333333333334,90.0,60.0,46.0,109.0,5.8,104.42198642828,never
95029.0,43.0,female,32.9,165.5,0.6422960725075528,170.66666666666666,92.66666666666667,66.0,52.0,162.0,5.4,110.36504057027986,never
95031.0,54.0,female,43.8,169.1,0.7924305144884684,128.0,74.0,92.0,54.0,115.0,6.6,104.17727330165486,former
95033.0,49.0,female,24.0,154.7,0.5481577246283129,126.66666666666667,73.33333333333333,82.0,45.0,160.0,8.3,114.3572492151087,never
95035.0,42.0,male,41.7,188.4,0.7574309978768576,133.33333333333334,78.0,80.0,35.0,69.0,5.7,113.31674404844895,former
95051.0,52.0,male,47.0,184.1,0.7897881586094514,156.66666666666666,94.0,98.0,28.0,183.0,9.4,89.48316002790122,current
95052.0,40.0,female,31.8,165.3,0.6678765880217786,128.66666666666666,62.0,92.0,51.0,225.0,5.3,126.73428001601701,never
95055.0,40.0,male,54.4,182.3,0.8848052660449808,142.0,96.0,68.0,41.0,96.0,5.8,113.46650939047531,former
95059.0,53.0,male,33.1,177.9,0.6902754356379989,234.0,101.33333333333333,64.0,65.0,151.0,5.1,108.79092670366853,never
95060.0,44.0,female,24.3,144.9,0.5686680469289165,126.0,75.33333333333333,72.0,62.0,101.0,5.0,111.68729605643915,never
95061.0,45.0,male,25.3,172.4,0.5904872389791183,114.66666666666667,77.33333333333333,94.0,59.0,201.0,6.2,109.59529153719785,current
95063.0,46.0,female,29.5,168.2,0.5600475624256838,103.33333333333333,76.0,78.0,48.0,168.0,5.1,79.84526091763327,never
95067.0,55.0,female,51.2,161.1,0.8255741775294848,135.33333333333334,89.33333333333333,88.0,60.0,89.0,6.0,83.20269172804909,never
95077.0,47.0,male,25.0,173.1,0.5251299826689775,118.66666666666667,82.0,46.0,42.0,176.0,5.7,82.42224212302202,current
95088.0,50.0,female,33.1,148.9,0.6756212222968434,127.33333333333333,66.66666666666667,64.0,36.0,149.0,5.9,112.09344299245797,never
95093.0,51.0,female,28.9,163.9,0.6131787675411836,123.33333333333333,86.0,76.0,65.0,203.0,5.8,108.17368069643727,never
95118.0,57.0,male,26.3,170.0,0.5388235294117647,159.33333333333334,94.66666666666667,80.0,42.0,209.0,6.2,100.29479212866424,never
95123.0,50.0,female,35.2,152.8,0.6740837696335078,123.33333333333333,85.33333333333333,82.0,57.0,127.0,5.9,77.88343795839066,never
95124.0,58.0,male,16.8,176.6,0.40770101925254815,148.66666666666666,87.33333333333333,96.0,38.0,123.0,5.1,101.08315708732574,current
95126.0,59.0,female,28.0,159.1,0.6367064739157763,176.0,48.0,84.0,66.0,212.0,11.6,84.82406333577323,never
95137.0,53.0,female,22.1,169.1,0.5192193968066233,104.66666666666667,73.33333333333333,58.0,62.0,124.0,5.4,56.96337256750147,never
95143.0,51.0,female,21.5,154.2,0.5590142671854734,116.66666666666667,76.0,68.0,56.0,116.0,5.6,109.4964277841904,former
95148.0,56.0,female,35.4,161.5,0.7009287925696595,171.33333333333334,85.33333333333333,88.0,43.0,115.0,7.2,112.83838031220493,never
95149.0,48.0,female,44.9,153.0,0.8529411764705882,132.66666666666666,50.666666666666664,82.0,45.0,141.0,5.8,107.74697662863548,never
95152.0,59.0,male,26.6,175.2,0.5633561643835617,158.66666666666666,83.33333333333333,58.0,65.0,42.0,5.9,81.7697648799898,never
95168.0,59.0,female,24.7,172.8,0.5237268518518519,138.0,78.66666666666667,74.0,50.0,123.0,6.6,77.77301144441587,never
95171.0,41.0,female,40.2,168.5,0.7525222551928783,115.33333333333333,74.66666666666667,82.0,41.0,98.0,7.0,69.24767341346097,current
95182.0,56.0,male,34.7,172.8,0.6782407407407407,140.66666666666666,92.66666666666667,96.0,39.0,147.0,5.3,71.69132002719124,never
95191.0,54.0,female,35.3,143.7,0.7487821851078637,125.33333333333333,76.0,78.0,45.0,191.0,6.5,107.47239525939189,never
95203.0,54.0,male,25.4,178.4,0.5274663677130045,139.33333333333334,88.0,86.0,60.0,201.0,5.3,71.8633486837604,former
95206.0,47.0,male,19.2,165.8,0.4583835946924005,122.66666666666667,82.0,70.0,57.0,117.0,6.0,107.09949207940325,never
95210.0,44.0,female,28.1,174.9,0.5786163522012578,113.33333333333333,78.66666666666667,74.0,60.0,157.0,5.0,99.02979047617373,never
95215.0,52.0,female,37.1,163.8,0.7503052503052503,151.33333333333334,82.66666666666667,68.0,40.0,219.0,7.8,95.732763133183,current
95216.0,50.0,male,25.9,172.0,0.5232558139534884,111.33333333333333,78.66666666666667,64.0,41.0,162.0,5.8,78.35074937638528,current
95228.0,46.0,male,25.9,175.8,0.5546075085324231,124.66666666666667,92.0,66.0,48.0,162.0,5.5,90.72528411328601,never
95242.0,58.0,female,28.1,152.8,0.6092931937172774,160.0,82.0,60.0,63.0,166.0,5.8,84.09032713317622,never
95244.0,48.0,female,27.8,164.5,0.5598784194528875,118.0,71.33333333333333,62.0,41.0,118.0,7.4,83.27986242545401,never
95266.0,58.0,female,34.5,160.5,0.643613707165109,122.66666666666667,80.66666666666667,68.0,64.0,152.0,5.3,90.77196853549066,never
95274.0,48.0,female,43.6,162.9,0.7869858809085327,134.0,82.0,62.0,39.0,96.0,6.3,111.55857900590223,former
95275.0,41.0,female,21.4,160.9,0.5015537600994406,102.66666666666667,69.33333333333333,76.0,56.0,148.0,4.7,77.19281298397524,never
95278.0,43.0,female,33.2,168.1,0.6246281975014872,111.33333333333333,78.66666666666667,80.0,38.0,142.0,6.5,112.81142515181276,never
95280.0,42.0,female,31.0,153.5,0.6,128.0,68.66666666666667,82.0,66.0,106.0,5.4,115.32403544773312,current
95284.0,41.0,female,36.9,153.9,0.6510721247563352,114.66666666666667,72.66666666666667,78.0,42.0,144.0,5.3,116.52256251235403,never
95287.0,56.0,female,20.8,162.4,0.44889162561576357,132.0,86.66666666666667,82.0,54.0,138.0,5.8,80.35767615188594,never
95289.0,56.0,female,32.5,147.6,0.6917344173441734,181.0,81.0,84.0,64.0,129.0,5.6,101.44074540397182,never
95296.0,40.0,male,27.4,168.8,0.5527251184834122,118.0,78.66666666666667,78.0,43.0,177.0,5.2,113.8826318428415,never
95302.0,45.0,female,29.3,146.5,0.6457337883959045,117.33333333333333,62.0,52.0,58.0,115.0,5.4,109.00075649936791,never
95313.0,54.0,female,23.6,159.6,0.5043859649122807,141.33333333333334,80.0,70.0,73.0,95.0,5.3,84.94845257671989,never
95316.0,43.0,male,41.8,183.0,0.7737704918032786,142.0,94.66666666666667,62.0,33.0,159.0,5.3,79.32553233382177,former
95319.0,55.0,female,29.4,152.7,0.6470203012442698,136.0,43.333333333333336,68.0,52.0,235.0,5.5,105.51581962945463,never
95329.0,47.0,male,24.5,166.9,0.5044937088076693,116.66666666666667,75.33333333333333,64.0,55.0,201.0,5.5,110.69032318528815,never
95352.0,50.0,female,22.3,162.8,0.5067567567567567,103.33333333333333,62.666666666666664,80.0,71.0,190.0,6.3,101.79750402635226,former
95357.0,56.0,female,36.1,157.4,0.7001270648030495,126.0,66.66666666666667,54.0,54.0,133.0,5.2,45.317443217105456,former
95362.0,42.0,female,25.0,150.9,0.54208084824387,136.0,82.66666666666667,70.0,64.0,138.0,5.1,112.66345016444254,never
95366.0,44.0,female,49.1,158.4,0.8535353535353535,130.66666666666666,72.0,78.0,47.0,130.0,5.3,115.84191875601755,never
95367.0,55.0,female,41.2,155.4,0.7902187902187902,113.33333333333333,75.33333333333333,82.0,49.0,118.0,5.5,95.48892931036208,never
95375.0,56.0,male,26.3,169.4,0.5106257378984651,126.66666666666667,84.66666666666667,66.0,83.0,119.0,6.1,86.25866343385943,never
95391.0,44.0,female,26.4,145.5,0.6151202749140894,107.33333333333333,68.0,76.0,66.0,133.0,5.4,112.98704755351142,never
95394.0,47.0,male,29.0,170.8,0.5878220140515222,113.33333333333333,74.66666666666667,56.0,53.0,210.0,5.5,101.91836798194,current
95405.0,53.0,male,25.3,151.7,0.6387607119314437,146.0,54.666666666666664,42.0,44.0,99.0,5.3,75.3141131242185,never
95413.0,51.0,female,28.6,174.1,0.6180356117174037,140.66666666666666,81.33333333333333,88.0,88.0,111.0,5.2,118.35402128465705,never
95418.0,59.0,male,26.2,180.9,0.552791597567717,112.0,70.66666666666667,66.0,56.0,86.0,4.8,56.4438544011447,never
95424.0,40.0,male,33.8,187.9,0.5800957956359766,115.33333333333333,76.0,74.0,49.0,123.0,5.1,78.40099182476698,never
95436.0,43.0,female,24.0,156.5,0.5156549520766773,106.0,69.33333333333333,68.0,69.0,116.0,5.5,90.9633729291884,never
95446.0,42.0,male,25.9,168.5,0.5489614243323442,146.0,84.66666666666667,82.0,59.0,152.0,5.9,102.48698346124004,former
95449.0,55.0,male,31.0,166.9,0.5991611743559018,132.0,80.0,74.0,29.0,143.0,5.6,101.20416423930007,never
95455.0,47.0,male,33.5,162.7,0.6674861708666256,137.33333333333334,92.0,74.0,43.0,143.0,5.8,101.91836798194,former
95465.0,56.0,female,32.3,150.0,0.72,130.66666666666666,78.0,60.0,73.0,145.0,5.8,103.26875482875136,never
95466.0,52.0,male,30.6,182.0,0.6054945054945056,138.66666666666666,86.0,48.0,45.0,169.0,5.2,90.55802889550912,never
95479.0,57.0,female,22.5,163.5,0.47339449541284406,118.0,68.66666666666667,56.0,72.0,92.0,5.0,100.81181278246719,former
95499.0,52.0,male,30.4,181.9,0.5816382627817481,144.0,77.33333333333333,62.0,35.0,163.0,5.6,62.615271923424864,current
95503.0,52.0,male,42.1,174.6,0.7966781214203894,118.0,63.333333333333336,64.0,30.0,110.0,6.0,89.48316002790122,never
95506.0,48.0,male,27.9,165.7,0.5932407966203983,110.66666666666667,74.0,58.0,51.0,101.0,5.5,107.95919411060768,current
95509.0,51.0,female,28.0,165.2,0.578087167070218,142.0,94.0,62.0,66.0,126.0,5.3,99.50563731959164,never
95510.0,51.0,female,23.8,154.2,0.5642023346303502,145.33333333333334,84.66666666666667,84.0,72.0,146.0,5.2,99.50563731959164,never
95519.0,53.0,female,30.2,158.9,0.6507237256135935,180.66666666666666,122.0,90.0,52.0,224.0,6.0,52.0387768879574,never
95525.0,51.0,female,27.0,168.1,0.5859607376561571,137.33333333333334,86.0,78.0,73.0,114.0,5.3,104.64475602201932,never
95531.0,58.0,male,31.3,177.6,0.6334459459459459,142.66666666666666,90.66666666666667,60.0,72.0,133.0,5.4,96.42186394717646,former
95535.0,46.0,male,40.5,189.6,0.7257383966244726,122.0,74.0,70.0,27.0,150.0,5.3,108.144565678332,current
95537.0,48.0,male,29.0,166.5,0.6198198198198198,124.0,88.66666666666667,74.0,40.0,187.0,5.7,108.75738136236926,never
95542.0,56.0,female,27.9,158.0,0.5683544303797469,118.0,78.0,80.0,84.0,114.0,5.2,79.23771411839174,current
95547.0,57.0,male,23.8,172.1,0.5287623474723998,134.66666666666666,72.66666666666667,72.0,38.0,124.0,5.5,99.61641579295177,current
95549.0,53.0,female,40.6,155.3,0.7881519639407598,137.33333333333334,64.0,86.0,39.0,100.0,5.8,108.59710352620219,never
95556.0,41.0,male,25.2,182.8,0.48358862144420134,122.66666666666667,81.33333333333333,66.0,60.0,98.0,5.8,82.86139163745966,current
95559.0,42.0,female,29.9,158.9,0.5915670232850849,118.66666666666667,78.66666666666667,74.0,45.0,181.0,5.7,110.66914076204584,current
95563.0,46.0,female,23.4,173.0,0.49479768786127165,119.33333333333333,76.66666666666667,74.0,90.0,123.0,5.0,57.687503799513614,former
95571.0,54.0,female,27.8,161.4,0.6418835192069392,134.66666666666666,68.66666666666667,90.0,42.0,140.0,6.3,107.92380148433976,current
95581.0,44.0,female,26.4,148.8,0.5678763440860215,145.33333333333334,70.0,68.0,35.0,147.0,5.6,112.54514197858055,never
95594.0,50.0,male,31.9,176.6,0.6319365798414496,101.33333333333333,68.66666666666667,60.0,49.0,110.0,5.4,104.75757480612519,never
95595.0,43.0,female,51.0,163.0,0.8417177914110429,123.33333333333333,76.66666666666667,92.0,44.0,135.0,6.1,99.64760563108645,former
95599.0,47.0,male,34.3,186.0,0.603225806451613,118.0,84.66666666666667,80.0,50.0,140.0,5.0,94.55179225738539,former
95607.0,42.0,male,23.9,170.0,0.5,110.66666666666667,78.66666666666667,72.0,44.0,179.0,5.7,101.20723435823274,current
95610.0,41.0,female,29.6,151.6,0.6075197889182058,110.66666666666667,63.333333333333336,70.0,56.0,164.0,5.2,93.46804759601483,never
95611.0,53.0,male,18.6,177.2,0.42945823927765236,114.0,78.66666666666667,102.0,69.0,140.0,5.0,89.99656911635697,current
95622.0,42.0,female,20.7,167.4,0.4886499402628435,104.0,52.666666666666664,58.0,52.0,120.0,5.1,101.87571505668161,current
95625.0,43.0,male,22.2,177.2,0.46613995485327314,125.33333333333333,77.33333333333333,60.0,97.0,164.0,5.2,112.61418023534857,former
95636.0,51.0,female,28.2,151.6,0.5738786279683378,124.0,68.66666666666667,60.0,57.0,148.0,5.5,89.15118770862608,never
95641.0,50.0,female,48.4,165.0,0.9260606060606061,122.66666666666667,54.0,86.0,39.0,127.0,7.7,30.79601991077911,current
95649.0,48.0,male,31.3,167.1,0.6110113704368642,132.66666666666666,89.33333333333333,82.0,31.0,210.0,9.6,73.85647007779413,current
95652.0,44.0,female,23.0,159.7,0.5385097056981841,127.33333333333333,80.0,54.0,72.0,95.0,5.3,112.11199431587151,never
95662.0,44.0,female,28.5,151.2,0.6150793650793651,125.33333333333333,83.33333333333333,70.0,47.0,181.0,5.4,115.84191875601755,former
95663.0,43.0,male,28.0,176.3,0.5405558706749858,104.0,72.0,90.0,52.0,117.0,5.2,74.705038790522,current
95664.0,47.0,male,29.8,188.0,0.6127659574468085,110.0,66.0,66.0,26.0,107.0,5.3,98.1084736956462,current
95669.0,56.0,female,27.4,161.3,0.5796652200867948,150.66666666666666,102.0,90.0,76.0,153.0,5.4,102.517269872571,former
95674.0,49.0,male,26.1,185.4,0.5593311758360302,104.0,78.0,84.0,42.0,112.0,6.4,66.72743470512981,never
95676.0,53.0,male,31.7,168.9,0.6566015393724097,122.0,75.33333333333333,58.0,38.0,159.0,5.1,91.088535552537,never
95680.0,45.0,female,31.8,151.0,0.6768211920529802,132.66666666666666,94.0,70.0,39.0,142.0,5.1,103.28891875590945,never
95690.0,54.0,male,26.2,169.4,0.5531286894923259,141.33333333333334,76.66666666666667,62.0,30.0,218.0,7.4,88.37700857622673,current
95694.0,50.0,female,29.5,153.5,0.6358306188925081,132.66666666666666,84.0,86.0,91.0,121.0,5.2,87.08823773497362,never
95700.0,59.0,female,31.8,148.8,0.7036290322580645,180.0,82.66666666666667,58.0,39.0,194.0,7.2,109.59795556842964,never
95704.0,50.0,male,26.4,163.1,0.5843041079092581,135.33333333333334,91.33333333333333,88.0,39.0,59.0,9.1,111.77358520109074,never
95708.0,52.0,male,31.9,185.5,0.6312668463611859,103.33333333333333,66.66666666666667,56.0,45.0,210.0,5.4,81.66108829885046,former
95711.0,54.0,male,27.5,158.9,0.6104468219005664,104.0,64.0,58.0,60.0,157.0,5.9,101.83554461591875,never
95720.0,59.0,female,21.9,167.8,0.5125148986889153,120.66666666666667,70.0,66.0,78.0,172.0,5.5,81.15837564683227,former
95727.0,52.0,male,25.0,161.5,0.5820433436532507,118.66666666666667,75.33333333333333,88.0,49.0,136.0,5.7,91.65680776065304,never
95731.0,47.0,female,27.5,153.5,0.5824104234527687,103.33333333333333,72.66666666666667,70.0,51.0,132.0,6.1,107.65333710785559,never
95736.0,58.0,male,21.5,188.2,0.4766206163655686,138.66666666666666,92.0,92.0,56.0,112.0,5.6,92.7796199317908,current
95744.0,57.0,female,26.0,160.1,0.5302935665209245,125.33333333333333,71.33333333333333,68.0,56.0,173.0,6.1,95.86093046221983,never
95748.0,43.0,male,27.4,180.9,0.5301271420674406,112.0,67.33333333333333,84.0,46.0,213.0,5.6,103.15317621872674,never
95761.0,51.0,male,24.0,162.1,0.5058605798889575,119.33333333333333,75.33333333333333,50.0,48.0,144.0,5.6,96.90800259119982,never
95765.0,51.0,male,25.1,157.7,0.5713379835129994,182.66666666666666,100.0,58.0,49.0,219.0,5.7,98.14643840148005,former
95770.0,50.0,male,39.8,171.6,0.7546620046620047,116.66666666666667,83.33333333333333,86.0,37.0,166.0,9.0,92.8040100997416,former
95785.0,51.0,male,24.7,172.9,0.551764025448236,124.66666666666667,81.33333333333333,96.0,58.0,151.0,5.1,111.55745218533923,current
95789.0,48.0,female,28.5,166.0,0.6090361445783132,94.66666666666667,66.66666666666667,88.0,63.0,119.0,5.2,93.63206839188908,former
95809.0,59.0,female,33.1,157.0,0.6490445859872612,155.33333333333334,66.0,74.0,69.0,161.0,6.5,104.61939313134867,former
95814.0,45.0,male,39.4,172.6,0.7195828505214369,150.66666666666666,90.66666666666667,88.0,35.0,80.0,9.6,95.73522903521797,never
95825.0,45.0,female,32.7,152.5,0.7180327868852459,120.0,72.66666666666667,80.0,62.0,125.0,4.1,114.62486269427619,never
95836.0,55.0,female,39.4,164.8,0.6686893203883495,103.33333333333333,70.66666666666667,60.0,57.0,168.0,5.5,67.3393397524427,never
95839.0,44.0,male,29.0,179.8,0.5433815350389322,116.66666666666667,73.33333333333333,74.0,49.0,86.0,4.5,74.97271268786355,never
95848.0,52.0,female,23.3,156.5,0.5150159744408945,120.66666666666667,72.0,56.0,48.0,161.0,5.6,106.67042303048518,never
95849.0,40.0,female,24.4,163.2,0.542279411764706,108.66666666666667,72.66666666666667,64.0,57.0,127.0,4.8,119.28622223235253,never
95860.0,51.0,female,20.4,162.4,0.49137931034482757,118.66666666666667,72.66666666666667,76.0,118.0,141.0,4.9,105.37836341516153,current
95865.0,47.0,female,38.2,161.2,0.6978908188585609,125.33333333333333,80.0,80.0,71.0,156.0,5.4,97.19923288718272,former
95904.0,53.0,female,23.9,165.1,0.5384615384615385,117.0,91.0,70.0,88.0,138.0,5.4,98.27559241352726,never
95910.0,50.0,male,27.7,170.0,0.5629411764705883,128.66666666666666,82.66666666666667,72.0,48.0,183.0,5.8,104.40070243035957,current
95912.0,50.0,male,27.1,182.2,0.5609220636663008,114.0,70.66666666666667,66.0,47.0,159.0,5.4,71.5225257011306,never
95914.0,47.0,female,49.0,160.5,0.8448598130841121,134.0,84.66666666666667,72.0,49.0,174.0,5.6,105.47004460681335,former
95915.0,57.0,male,35.2,169.8,0.7267373380447585,157.33333333333334,96.0,66.0,41.0,207.0,5.6,76.62320184642616,former
95919.0,47.0,male,47.7,182.2,0.8177826564215148,104.66666666666667,76.66666666666667,72.0,33.0,81.0,5.3,71.47266622013055,former
95928.0,56.0,female,26.8,160.6,0.5759651307596513,121.33333333333333,74.0,70.0,74.0,99.0,5.6,74.04238663056476,never
95944.0,54.0,male,42.8,172.6,0.7694090382387023,123.33333333333333,82.66666666666667,80.0,40.0,119.0,7.5,73.32744233685125,former
95950.0,45.0,male,22.8,181.5,0.46831955922865015,102.66666666666667,68.66666666666667,66.0,59.0,145.0,5.1,108.4399793910444,current
95968.0,49.0,female,20.2,157.5,0.4507936507936508,105.33333333333333,74.66666666666667,78.0,71.0,93.0,5.7,87.63155336584184,former
95969.0,48.0,male,37.6,186.9,0.6377742108079186,139.33333333333334,88.0,68.0,34.0,144.0,5.5,96.29526003049038,never
95978.0,57.0,male,21.7,184.6,0.49783315276273027,112.0,71.33333333333333,90.0,35.0,125.0,8.4,94.55151647841767,never
95986.0,48.0,male,32.2,165.6,0.6268115942028986,116.0,74.66666666666667,66.0,45.0,160.0,6.1,85.5993482806824,never
95991.0,43.0,male,27.3,174.4,0.5475917431192661,116.0,68.66666666666667,68.0,41.0,189.0,6.3,111.36909023142913,never
96003.0,49.0,female,31.6,152.6,0.6474442988204456,214.66666666666666,102.0,52.0,40.0,117.0,5.0,113.82333515303658,never
96004.0,55.0,male,17.1,186.0,0.42419354838709683,130.66666666666666,77.33333333333333,58.0,55.0,104.0,5.8,92.19298084751962,current
96008.0,52.0,male,29.5,178.8,0.5553691275167785,134.66666666666666,88.0,68.0,67.0,136.0,5.8,72.76281053191936,former
96022.0,56.0,male,28.8,165.2,0.6162227602905569,128.0,88.0,70.0,25.0,168.0,6.0,108.1417888027523,never
96025.0,40.0,male,29.9,186.5,0.5613941018766756,130.0,88.66666666666667,68.0,35.0,167.0,5.5,19.35468808248092,never
96030.0,59.0,male,26.1,183.2,0.5594978165938865,112.66666666666667,54.666666666666664,78.0,46.0,188.0,5.6,74.87309326397252,former
96034.0,57.0,male,25.4,178.9,0.5047512576858579,154.0,80.0,66.0,67.0,215.0,5.4,83.74944079721223,former
96038.0,55.0,female,22.4,159.4,0.5401505646173149,122.66666666666667,76.0,90.0,46.0,246.0,7.9,105.93698673031723,never
96048.0,47.0,male,27.5,160.7,0.5880522713130056,137.33333333333334,89.33333333333333,74.0,34.0,194.0,4.2,101.91836798194,current
96050.0,46.0,female,31.2,164.8,0.5976941747572815,119.33333333333333,66.0,84.0,76.0,109.0,5.3,110.72611517141623,never
96064.0,49.0,male,24.8,174.4,0.5034403669724771,114.0,74.66666666666667,72.0,46.0,167.0,5.5,94.5276133625592,former
96066.0,52.0,male,21.5,169.0,0.4662721893491124,117.33333333333333,40.666666666666664,94.0,74.0,147.0,5.2,109.02076073696777,current
96067.0,42.0,female,56.6,159.0,0.8440251572327043,138.66666666666666,81.33333333333333,66.0,49.0,172.0,5.1,116.28650702215116,former
96070.0,45.0,male,24.8,167.4,0.5412186379928315,112.66666666666667,72.0,66.0,44.0,93.0,7.7,76.76754645447593,never
96079.0,52.0,male,33.1,156.1,0.6418962203715567,122.66666666666667,70.66666666666667,54.0,30.0,139.0,5.7,95.10459081234966,never
96091.0,54.0,female,33.2,152.6,0.7391874180865007,141.33333333333334,88.0,70.0,35.0,135.0,5.6,107.0305457335928,never
96096.0,52.0,male,34.4,180.0,0.6805555555555556,117.33333333333333,56.666666666666664,70.0,52.0,129.0,5.1,101.40918448736092,current
96097.0,58.0,male,26.2,179.6,0.5595768374164811,148.66666666666666,96.0,74.0,45.0,143.0,5.2,102.58360710459634,current
96098.0,42.0,male,37.8,175.3,0.7102110667427267,124.66666666666667,79.33333333333333,86.0,41.0,146.0,6.9,9.992986150824779,never
96108.0,47.0,female,37.6,161.6,0.6695544554455446,145.33333333333334,92.0,66.0,48.0,164.0,5.4,110.46475422089334,never
96116.0,54.0,female,27.2,161.7,0.5454545454545455,141.33333333333334,89.33333333333333,76.0,78.0,117.0,5.0,86.20849678187895,never
96124.0,52.0,female,27.5,156.5,0.6466453674121406,134.66666666666666,72.66666666666667,68.0,52.0,188.0,9.9,113.89533901064016,never
96137.0,48.0,female,36.6,159.8,0.6320400500625781,118.0,63.0,72.0,32.0,172.0,6.4,84.45695700861891,current
96140.0,54.0,male,29.5,161.8,0.584672435105068,133.33333333333334,74.0,60.0,42.0,140.0,7.6,109.9721578941105,never
96143.0,55.0,male,30.4,169.9,0.6268393172454385,174.66666666666666,84.66666666666667,60.0,44.0,141.0,6.2,76.75908799205897,never
96151.0,57.0,male,29.1,172.3,0.6006964596633778,118.66666666666667,72.0,74.0,36.0,114.0,6.5,82.79321821454194,never
96156.0,46.0,male,23.9,172.0,0.43837209302325586,124.0,82.66666666666667,52.0,77.0,183.0,5.5,82.04863859397764,never
96160.0,58.0,female,23.7,163.6,0.5666259168704156,111.33333333333333,70.66666666666667,58.0,58.0,145.0,5.6,82.86124260706299,never
96186.0,45.0,male,40.0,176.0,0.765340909090909,116.66666666666667,74.0,64.0,45.0,120.0,5.8,79.15610703141397,never
96188.0,55.0,female,32.2,157.4,0.6289707750952985,139.33333333333334,81.33333333333333,74.0,55.0,157.0,5.2,104.69862897275345,never
96189.0,50.0,male,43.7,192.3,0.7893915756630265,117.0,79.0,100.0,32.0,149.0,6.0,98.75874260563498,former
96190.0,54.0,male,22.8,161.7,0.5306122448979592,107.33333333333333,74.0,78.0,66.0,161.0,5.7,105.97479919775712,never
96205.0,52.0,male,26.1,178.3,0.5496354458777342,132.66666666666666,80.66666666666667,62.0,56.0,162.0,6.2,87.40218530148034,never
96216.0,56.0,female,26.8,168.2,0.5368608799048752,113.33333333333333,70.0,66.0,82.0,94.0,5.5,96.45897611412741,never
96219.0,41.0,female,42.2,158.7,0.7618147448015123,129.33333333333334,75.33333333333333,96.0,80.0,172.0,5.8,118.54664765451194,never
96222.0,40.0,female,26.3,161.4,0.5508054522924412,100.0,61.333333333333336,80.0,69.0,81.0,5.4,104.82578844077085,current
96224.0,59.0,female,23.4,166.5,0.5285285285285285,108.66666666666667,76.66666666666667,62.0,52.0,166.0,5.5,83.56896710495053,never
96234.0,40.0,male,39.3,176.2,0.6975028376844495,168.66666666666666,108.66666666666667,66.0,51.0,140.0,6.1,83.37833732889884,never
96237.0,58.0,female,21.8,160.8,0.5553482587064676,135.33333333333334,56.0,92.0,122.0,143.0,5.5,103.97875018269289,current
96240.0,42.0,female,27.9,157.4,0.585133418043202,108.66666666666667,77.33333333333333,62.0,38.0,170.0,5.3,103.52997816741295,never
96249.0,58.0,female,28.9,155.6,0.6580976863753214,122.66666666666667,68.66666666666667,76.0,48.0,177.0,11.8,109.72356408113036,never
96250.0,42.0,male,32.6,172.6,0.6147161066048668,116.66666666666667,72.0,70.0,50.0,176.0,5.4,105.1374643311218,former
96253.0,47.0,female,31.1,176.7,0.6468590831918506,120.0,79.33333333333333,70.0,60.0,123.0,5.0,109.62276551056073,never
96266.0,53.0,female,24.0,151.2,0.5747354497354498,136.66666666666666,76.66666666666667,80.0,42.0,148.0,10.1,111.54745594137312,never
96276.0,49.0,male,38.3,180.0,0.6594444444444445,120.66666666666667,84.0,86.0,46.0,185.0,10.3,111.53128515932069,never
96279.0,54.0,female,33.4,156.2,0.6939820742637645,114.0,54.666666666666664,74.0,52.0,225.0,9.5,120.56303493881383,current
96282.0,49.0,male,35.8,173.8,0.6760644418872267,143.33333333333334,96.66666666666667,80.0,52.0,126.0,6.2,107.68331751995157,former
96283.0,46.0,male,26.2,182.1,0.5431081823174081,124.66666666666667,80.0,78.0,54.0,229.0,5.2,77.85920634730596,former
96291.0,53.0,female,49.8,165.6,0.7620772946859904,143.33333333333334,88.66666666666667,74.0,78.0,134.0,5.7,103.71019512570068,never
96301.0,54.0,male,27.7,195.5,0.5442455242966753,123.0,77.0,56.0,41.0,108.0,5.7,64.09678232587547,never
96308.0,53.0,male,30.9,165.2,0.6446731234866828,114.0,74.66666666666667,86.0,38.0,215.0,5.7,80.27027137451356,former
96310.0,54.0,male,27.2,154.0,0.6207792207792208,144.66666666666666,92.66666666666667,78.0,29.0,135.0,5.9,102.18364852612675,never
96320.0,46.0,male,30.2,170.0,0.6035294117647059,104.66666666666667,75.33333333333333,68.0,40.0,192.0,5.5,96.30785621911429,never
96329.0,42.0,female,23.4,166.1,0.4647802528597231,108.66666666666667,46.0,70.0,66.0,65.0,5.4,114.85785841899782,never
96332.0,49.0,male,18.3,179.0,0.4134078212290503,110.0,82.66666666666667,64.0,42.0,123.0,5.5,81.40337463168375,current
96340.0,49.0,male,30.2,171.6,0.5862470862470862,104.66666666666667,78.0,88.0,35.0,183.0,9.8,83.19901530167188,former
96344.0,42.0,female,36.4,156.2,0.7349551856594111,133.33333333333334,80.66666666666667,108.0,46.0,165.0,4.4,73.00993345227363,former
96348.0,54.0,male,20.4,187.7,0.43260522109749605,78.66666666666667,54.666666666666664,72.0,44.0,133.0,5.4,62.95050055613044,current
96358.0,48.0,female,29.1,151.1,0.7015221707478492,106.66666666666667,55.333333333333336,74.0,49.0,119.0,5.9,86.90493312544602,current
96367.0,58.0,male,28.3,183.4,0.534896401308615,124.0,80.0,58.0,51.0,122.0,5.7,89.38190871959128,current
96372.0,50.0,male,25.9,180.9,0.5207296849087893,116.0,74.66666666666667,62.0,24.0,264.0,6.8,98.75874260563498,current
96373.0,53.0,male,34.7,177.6,0.6587837837837838,128.0,78.66666666666667,74.0,43.0,120.0,6.1,77.7198262879065,current
96377.0,52.0,female,21.5,154.3,0.5048606610499028,126.0,87.0,68.0,76.0,136.0,5.0,107.08254703824886,never
96380.0,43.0,male,32.2,176.0,0.5988636363636364,122.0,72.66666666666667,80.0,35.0,162.0,5.8,85.42103065275387,current
96385.0,59.0,female,31.0,159.9,0.6541588492808005,123.33333333333333,78.66666666666667,78.0,65.0,193.0,5.7,104.61939313134867,never
96390.0,46.0,male,28.5,185.8,0.5317545748116254,126.0,80.0,56.0,54.0,253.0,5.5,87.6528351951641,never
96399.0,42.0,male,39.0,166.2,0.7942238267148015,128.0,66.66666666666667,70.0,35.0,171.0,5.7,105.1374643311218,former
96408.0,44.0,female,44.6,142.7,0.8955851436580239,172.0,93.0,94.0,78.0,101.0,4.9,105.66792401079427,never
96416.0,42.0,female,23.5,172.4,0.5348027842227379,106.0,71.33333333333333,76.0,68.0,87.0,5.0,98.70867355252419,former
96431.0,47.0,male,38.8,172.3,0.7388276262333139,122.66666666666667,86.0,90.0,38.0,146.0,8.8,106.36688562392148,never
96432.0,47.0,female,21.8,160.7,0.48599875544492843,102.66666666666667,71.33333333333333,84.0,47.0,177.0,5.7,76.28859381932519,current
96448.0,50.0,female,26.8,164.2,0.5456760048721072,104.66666666666667,64.66666666666667,66.0,75.0,114.0,5.7,95.40251300571889,never
96450.0,53.0,female,32.3,160.6,0.6836861768368617,112.0,75.33333333333333,96.0,34.0,164.0,6.2,105.21362000147177,never
96457.0,58.0,male,29.9,181.6,0.61068281938326,116.66666666666667,62.0,72.0,29.0,149.0,5.6,100.01757664571628,former
96465.0,41.0,female,21.9,160.3,0.4784778540237055,94.66666666666667,68.66666666666667,74.0,81.0,116.0,5.3,105.89068592955353,never
96469.0,42.0,female,26.4,152.7,0.595939751146038,119.33333333333333,66.66666666666667,60.0,46.0,134.0,5.5,116.28650702215116,never
96470.0,47.0,male,28.2,166.0,0.6102409638554217,133.33333333333334,77.33333333333333,96.0,37.0,191.0,6.0,106.36688562392148,current
96475.0,51.0,male,33.7,180.3,0.6505823627287853,134.66666666666666,86.66666666666667,72.0,41.0,75.0,5.7,84.01705131878397,current
96479.0,56.0,female,32.4,164.4,0.6052311435523114,114.0,76.66666666666667,74.0,73.0,73.0,5.8,60.96345144647753,never
96483.0,49.0,female,24.7,169.0,0.5289940828402367,127.33333333333333,84.0,60.0,72.0,145.0,5.9,90.26702900367677,never
96489.0,57.0,female,41.7,150.4,0.7639627659574468,124.0,76.66666666666667,78.0,69.0,165.0,6.2,107.80268239557027,never
96491.0,53.0,female,31.5,154.8,0.6989664082687338,126.0,80.66666666666667,68.0,39.0,124.0,6.2,110.51814774912278,never
96501.0,50.0,male,42.4,171.1,0.8024547048509645,140.0,90.66666666666667,66.0,56.0,90.0,8.8,125.0201416242469,current
96505.0,40.0,female,42.8,168.0,0.7940476190476191,129.0,86.0,106.0,53.0,123.0,5.2,90.03493554717605,current
96508.0,46.0,female,28.3,158.6,0.6002522068095839,118.66666666666667,72.66666666666667,66.0,66.0,133.0,5.2,115.4358355457845,never
96511.0,41.0,male,28.5,177.4,0.5428410372040586,156.0,94.0,72.0,71.0,110.0,5.7,80.31839296759426,never
96517.0,54.0,female,27.0,168.0,0.575,145.33333333333334,90.0,74.0,63.0,138.0,5.5,90.20249946564057,current
96522.0,52.0,female,18.2,163.8,0.44078144078144077,124.0,82.0,86.0,61.0,185.0,5.9,104.72501756198753,never
96532.0,45.0,female,40.1,161.8,0.7744128553770085,139.33333333333334,97.33333333333333,96.0,54.0,140.0,6.1,109.00075649936791,current
96534.0,48.0,female,24.0,159.2,0.5138190954773869,170.0,96.0,76.0,80.0,105.0,5.4,96.59659764328217,current
96538.0,51.0,female,34.6,154.8,0.6750645994832041,136.0,88.0,80.0,42.0,165.0,5.7,108.17368069643727,never
96543.0,46.0,female,24.9,159.6,0.5557644110275689,142.66666666666666,84.66666666666667,64.0,57.0,138.0,5.7,106.12803844517343,former
96547.0,44.0,female,30.3,162.3,0.640788662969809,117.33333333333333,82.66666666666667,62.0,77.0,102.0,5.2,111.68729605643915,never
96552.0,43.0,male,27.3,171.1,0.5528930450029222,125.33333333333333,81.33333333333333,72.0,45.0,164.0,5.5,104.48561205226885,never
96553.0,58.0,male,28.0,177.2,0.5801354401805869,122.66666666666667,79.33333333333333,74.0,45.0,147.0,5.9,108.22723210408756,never
96555.0,46.0,male,25.2,184.8,0.4864718614718615,113.33333333333333,74.66666666666667,92.0,61.0,174.0,16.2,109.31044169423751,never
96561.0,53.0,male,36.5,184.9,0.6430502974580855,104.0,73.33333333333333,118.0,48.0,204.0,10.4,62.78059555399841,current
96573.0,46.0,female,27.4,165.8,0.5693606755126659,113.33333333333333,70.66666666666667,60.0,73.0,108.0,5.3,87.99265966748523,never
96576.0,56.0,male,31.1,170.1,0.6025867136978248,142.66666666666666,86.0,86.0,34.0,129.0,6.2,74.69396644407405,former
96578.0,54.0,male,32.1,169.1,0.6398580721466588,137.33333333333334,86.66666666666667,60.0,45.0,143.0,6.9,104.77380028778039,former
96582.0,47.0,male,26.7,174.4,0.5298165137614679,135.33333333333334,73.33333333333333,60.0,54.0,116.0,5.6,94.55179225738539,never
96588.0,40.0,male,29.5,157.5,0.5771428571428572,111.33333333333333,74.0,54.0,51.0,149.0,5.5,102.47397251795175,never
96616.0,51.0,male,25.1,165.9,0.5497287522603979,134.66666666666666,97.33333333333333,74.0,48.0,243.0,6.2,107.14823439043337,former
96622.0,40.0,female,47.1,159.6,0.8214285714285714,114.0,67.33333333333333,68.0,49.0,108.0,5.9,101.52427353570347,never
96623.0,53.0,male,28.1,167.3,0.6037059175134488,116.0,74.66666666666667,78.0,44.0,162.0,5.4,103.90385583567915,former
96629.0,46.0,female,29.7,173.4,0.538638985005767,121.33333333333333,70.66666666666667,64.0,51.0,177.0,5.6,82.02777833752964,never
96630.0,41.0,male,36.2,175.6,0.6828018223234624,131.33333333333334,86.66666666666667,78.0,42.0,128.0,6.1,116.74016200570962,never
96634.0,59.0,male,22.2,161.3,0.5368877867327959,126.0,74.66666666666667,54.0,44.0,151.0,6.4,100.45644151338433,former
96636.0,40.0,female,28.3,164.2,0.6126674786845311,106.0,58.0,66.0,41.0,123.0,5.6,95.46368990413177,never
96638.0,58.0,male,26.0,175.3,0.5504848830576154,126.66666666666667,71.33333333333333,70.0,78.0,106.0,5.5,106.80498759195976,current
96646.0,44.0,male,26.6,165.9,0.5509342977697408,124.66666666666667,78.66666666666667,66.0,35.0,150.0,4.4,109.11650170159429,never
96649.0,51.0,male,40.0,181.9,0.7509620670698185,154.0,104.0,80.0,31.0,151.0,6.0,29.914609856283445,former
96651.0,49.0,female,41.1,163.9,0.7406955460646736,144.66666666666666,89.33333333333333,78.0,61.0,129.0,5.7,74.38471590270265,current
96659.0,58.0,female,22.5,174.8,0.49542334096109836,109.33333333333333,68.0,64.0,95.0,102.0,5.9,71.24403796295566,never
96669.0,55.0,female,16.7,159.7,0.41202254226675017,104.0,72.0,78.0,76.0,107.0,5.6,102.42817532604263,never
96688.0,58.0,male,33.2,179.0,0.6156424581005586,148.66666666666666,89.33333333333333,80.0,49.0,92.0,6.7,80.43783671849623,never
96698.0,40.0,male,39.7,173.6,0.7056451612903226,122.0,76.0,78.0,38.0,184.0,5.2,111.0998561455508,former
96699.0,59.0,female,35.6,156.3,0.818937939859245,135.33333333333334,82.66666666666667,76.0,55.0,160.0,5.2,67.31331453895166,never
96705.0,40.0,male,27.5,166.0,0.5524096385542169,111.33333333333333,76.0,66.0,56.0,153.0,5.6,111.47962820346706,former
96706.0,40.0,male,28.4,174.2,0.6148105625717566,158.66666666666666,85.33333333333333,108.0,53.0,183.0,5.7,106.45339435261532,current
96708.0,52.0,female,29.2,162.4,0.6145320197044335,100.0,74.66666666666667,66.0,90.0,74.0,4.8,95.732763133183,never
96730.0,53.0,female,28.2,151.5,0.5273927392739274,99.33333333333333,65.33333333333333,74.0,58.0,99.0,5.4,72.5570602372625,never
96731.0,41.0,male,35.8,169.8,0.6537102473498233,106.0,61.333333333333336,78.0,41.0,93.0,6.2,89.40823287579587,former
96732.0,57.0,male,34.0,180.7,0.6557830658550083,94.66666666666667,68.66666666666667,82.0,32.0,210.0,7.0,72.7107943018333,former
96745.0,52.0,female,52.8,160.9,0.9825978868862647,150.0,74.0,66.0,102.0,131.0,4.9,73.00972050438972,never
96750.0,53.0,female,37.6,146.1,0.7939767282683095,128.0,65.33333333333333,68.0,32.0,232.0,6.0,112.62811794123282,former
96758.0,47.0,male,41.0,178.9,0.737842370039128,132.0,90.66666666666667,74.0,36.0,173.0,8.0,110.69032318528815,current
96760.0,48.0,male,37.1,178.3,0.7061132922041503,129.33333333333334,76.66666666666667,70.0,33.0,197.0,6.3,110.4335463523092,never
96766.0,52.0,female,35.2,161.4,0.667905824039653,128.0,78.0,64.0,49.0,163.0,5.2,87.2875065311137,never
96768.0,56.0,female,26.0,174.7,0.5580995993131083,114.0,75.33333333333333,58.0,75.0,121.0,5.9,75.03071214255642,former
96783.0,58.0,female,24.1,158.5,0.5470031545741325,119.33333333333333,72.66666666666667,62.0,55.0,168.0,6.1,100.18677954321588,never
96793.0,54.0,male,34.9,175.1,0.6207881210736722,122.66666666666667,83.33333333333333,72.0,72.0,119.0,5.7,100.15560876876935,never
96818.0,49.0,male,22.8,183.0,0.4245901639344262,136.0,73.33333333333333,48.0,68.0,102.0,5.0,77.21121679805765,current
96820.0,47.0,male,28.3,187.0,0.5828877005347594,113.33333333333333,72.0,94.0,41.0,122.0,5.6,98.1084736956462,former
96844.0,55.0,male,23.6,176.7,0.5076400679117148,138.66666666666666,67.33333333333333,66.0,38.0,184.0,7.1,101.55010990526476,former
96847.0,44.0,female,20.6,161.0,0.4608695652173913,158.0,92.0,62.0,69.0,108.0,5.8,75.76591014045789,never
96848.0,56.0,female,49.1,159.7,0.8541014402003758,117.33333333333333,66.66666666666667,72.0,47.0,130.0,5.7,107.04533483249135,current
96862.0,51.0,female,34.7,171.3,0.6398131932282545,133.33333333333334,80.66666666666667,74.0,52.0,177.0,5.5,101.16635950138888,never
96863.0,56.0,male,30.9,183.2,0.5513100436681223,102.66666666666667,76.66666666666667,58.0,45.0,164.0,5.5,71.69132002719124,never
96869.0,49.0,male,42.1,179.9,0.7854363535297387,74.0,54.0,94.0,32.0,161.0,6.0,58.109773423401144,current
96874.0,55.0,female,25.7,161.8,0.5951792336217552,132.66666666666666,82.66666666666667,70.0,55.0,214.0,5.7,88.28330392417243,never
96875.0,56.0,female,49.8,164.6,0.8900364520048603,123.33333333333333,76.66666666666667,84.0,49.0,191.0,5.3,102.15189122363,never
96884.0,55.0,female,27.3,160.3,0.5745477230193387,126.0,65.33333333333333,62.0,54.0,182.0,5.8,79.73205284603716,never
96887.0,57.0,female,28.0,152.5,0.6295081967213115,142.66666666666666,77.33333333333333,74.0,55.0,170.0,5.8,103.01267813225209,never
96891.0,41.0,male,27.1,179.2,0.52734375,125.33333333333333,82.0,68.0,52.0,63.0,4.5,114.02369093222877,current
96898.0,56.0,male,30.7,169.3,0.5989367985823981,154.66666666666666,82.0,62.0,43.0,109.0,5.3,98.91752920163769,never
96912.0,50.0,male,34.0,191.8,0.6042752867570386,134.0,90.66666666666667,78.0,47.0,96.0,6.1,107.41297046721546,never
96915.0,49.0,male,28.7,191.9,0.5914538822303282,130.66666666666666,91.33333333333333,76.0,48.0,159.0,7.4,92.2635123866304,former
96921.0,57.0,male,44.2,177.9,0.7937043282743114,130.0,84.0,80.0,38.0,141.0,5.3,75.81022592029986,never
96922.0,57.0,male,30.7,178.3,0.6292765002804263,152.66666666666666,75.33333333333333,58.0,50.0,117.0,5.3,100.99354512840317,never
96926.0,59.0,male,22.4,185.6,0.45689655172413796,106.0,62.666666666666664,58.0,70.0,145.0,5.4,88.82774088552983,never
96933.0,59.0,male,23.2,167.8,0.5750893921334922,148.66666666666666,97.33333333333333,78.0,67.0,198.0,5.8,109.05454804664153,former
96934.0,55.0,female,15.5,160.6,0.4302615193026152,105.33333333333333,75.33333333333333,106.0,77.0,119.0,4.8,119.02699011549,current
96935.0,41.0,male,38.7,165.1,0.7328891580860085,122.66666666666667,87.33333333333333,78.0,48.0,200.0,5.8,112.76301703225437,current
96940.0,59.0,female,22.1,159.2,0.49309045226130654,114.66666666666667,66.66666666666667,64.0,80.0,131.0,4.9,82.34750290289922,never
96954.0,55.0,male,29.8,160.3,0.6431690580162195,126.0,67.33333333333333,62.0,43.0,173.0,10.2,112.87866762284577,former
96960.0,47.0,female,43.9,169.7,0.7642899233942251,120.66666666666667,71.33333333333333,86.0,41.0,162.0,6.4,95.686413764474,current
96965.0,52.0,male,30.6,164.5,0.601823708206687,104.0,74.66666666666667,74.0,40.0,124.0,5.5,70.63839570832454,never
96970.0,49.0,female,21.8,153.2,0.5052219321148825,118.0,74.0,70.0,48.0,91.0,6.3,114.9043159267762,never
96993.0,52.0,male,44.9,182.6,0.746987951807229,108.66666666666667,70.0,90.0,42.0,179.0,5.1,98.79783384720038,never
97013.0,50.0,male,32.8,162.6,0.6531365313653137,140.0,74.0,60.0,73.0,182.0,5.3,109.9387263112153,current
97022.0,46.0,male,26.3,158.8,0.5692695214105793,127.33333333333333,76.0,70.0,41.0,158.0,5.3,109.31044169423751,never
97024.0,55.0,female,23.2,171.4,0.5618436406067677,128.66666666666666,90.0,74.0,58.0,116.0,5.3,86.96071522622101,never
97029.0,55.0,male,25.8,168.7,0.5299347954949616,104.66666666666667,74.0,78.0,38.0,212.0,5.8,78.42172006692384,former
97030.0,57.0,female,32.9,160.6,0.7004981320049813,131.33333333333334,82.0,74.0,48.0,133.0,5.8,101.5185494980435,never
97032.0,50.0,male,26.5,182.3,0.5287986834887548,129.33333333333334,78.0,58.0,41.0,136.0,5.3,100.03441527367077,former
97040.0,58.0,female,28.1,157.0,0.5770700636942675,115.33333333333333,74.0,82.0,96.0,91.0,5.7,73.12710722568785,never
97049.0,52.0,male,26.8,176.9,0.5370265686828717,111.33333333333333,78.0,60.0,40.0,136.0,5.4,104.1834309051395,current
97054.0,40.0,male,28.5,180.5,0.539612188365651,200.66666666666666,119.33333333333333,74.0,84.0,79.0,4.9,109.26709105693676,current
97055.0,53.0,male,33.6,175.1,0.6510565391205025,145.33333333333334,84.0,72.0,47.0,112.0,5.4,103.53749363352765,never
97059.0,44.0,male,36.3,184.8,0.685064935064935,101.33333333333333,64.66666666666667,72.0,40.0,108.0,4.6,99.95615505827939,current
97063.0,51.0,male,18.2,171.3,0.41622883829538815,119.33333333333333,74.66666666666667,78.0,54.0,173.0,5.5,88.98314729327959,current
97065.0,42.0,male,33.0,186.8,0.6092077087794432,142.0,97.0,84.0,42.0,120.0,7.0,98.73377588109729,never
97067.0,59.0,male,24.7,168.1,0.5758477096966091,132.66666666666666,94.0,80.0,59.0,104.0,5.9,86.700161782722,never
97077.0,52.0,female,49.0,163.9,0.8682123245881636,140.0,73.33333333333333,68.0,51.0,147.0,6.3,81.23365023613746,never
97095.0,44.0,female,29.2,161.3,0.6311221326720396,114.0,75.33333333333333,76.0,55.0,140.0,5.6,110.06734800595726,current
97105.0,56.0,male,28.8,182.7,0.5752599890530925,102.0,75.33333333333333,82.0,55.0,201.0,5.4,86.25866343385943,never
97108.0,51.0,male,30.7,164.9,0.6228016979987872,138.0,86.66666666666667,54.0,46.0,123.0,6.0,104.10807784232722,former
97111.0,43.0,male,27.9,182.2,0.5488474204171241,119.33333333333333,88.0,76.0,38.0,185.0,5.5,99.3367502559088,never
97121.0,44.0,female,35.0,170.5,0.6310850439882698,124.0,83.33333333333333,76.0,54.0,117.0,5.0,100.61637229246554,never
97123.0,45.0,female,21.4,161.4,0.4677819083023544,124.66666666666667,86.0,70.0,57.0,72.0,5.2,120.18977039592625,never
97125.0,57.0,male,33.4,182.0,0.6379120879120879,106.0,78.0,60.0,40.0,71.0,4.6,87.78532534914498,never
97129.0,40.0,female,22.4,165.5,0.47311178247734137,109.33333333333333,69.33333333333333,54.0,61.0,117.0,5.4,116.76746345325839,never
97131.0,53.0,female,28.6,167.0,0.5958083832335329,138.66666666666666,79.33333333333333,78.0,60.0,175.0,6.0,93.63900534452222,never
97138.0,47.0,female,22.8,172.5,0.46956521739130436,100.0,67.33333333333333,76.0,70.0,110.0,5.3,91.39683648165493,never
97142.0,44.0,female,32.5,156.4,0.6636828644501278,109.33333333333333,62.0,60.0,48.0,134.0,6.5,113.43803611067987,never
97145.0,46.0,female,65.8,157.3,0.789574062301335,126.66666666666667,68.0,72.0,72.0,86.0,4.9,97.80562777941508,never
97150.0,58.0,male,28.0,173.4,0.6020761245674741,136.66666666666666,73.33333333333333,70.0,95.0,90.0,5.7,73.77063249623764,former
97155.0,52.0,male,34.4,180.6,0.6633444075304541,130.0,94.0,78.0,56.0,157.0,5.2,95.10459081234966,never
97156.0,45.0,female,33.7,158.6,0.699873896595208,125.33333333333333,79.33333333333333,66.0,67.0,150.0,5.8,103.28891875590945,never
97163.0,55.0,male,24.3,155.5,0.5787781350482315,138.0,86.0,76.0,35.0,206.0,5.7,102.25760869372719,never
97166.0,40.0,female,28.0,156.6,0.5874840357598978,98.66666666666667,68.66666666666667,66.0,56.0,138.0,5.0,106.55130401444308,former
97168.0,54.0,male,22.8,167.2,0.4844497607655503,113.33333333333333,50.0,88.0,54.0,101.0,5.7,87.33830108299492,current
97177.0,41.0,male,40.1,164.3,0.7468046256847231,129.33333333333334,88.66666666666667,80.0,36.0,171.0,5.6,107.17479258271909,current
97186.0,46.0,male,35.3,182.1,0.6595277320153762,125.33333333333333,87.33333333333333,86.0,33.0,144.0,9.1,105.2648402620275,former
97191.0,44.0,female,32.8,157.0,0.6031847133757962,110.66666666666667,70.0,84.0,54.0,180.0,5.3,110.86209008191365,current
97200.0,56.0,male,22.2,179.0,0.43854748603351956,142.0,96.0,84.0,53.0,181.0,5.8,58.48708753427509,former
97210.0,47.0,male,29.8,176.7,0.6134691567628751,118.66666666666667,86.0,64.0,22.0,154.0,12.1,117.50487188929733,former
97228.0,49.0,male,29.7,182.3,0.6604498080087767,121.33333333333333,64.0,80.0,33.0,114.0,5.6,109.32201811381383,current
97236.0,45.0,male,25.2,171.2,0.4801401869158879,111.33333333333333,65.33333333333333,72.0,57.0,137.0,5.6,81.68454268274654,never
97247.0,45.0,male,27.2,179.1,0.577889447236181,110.66666666666667,71.33333333333333,70.0,59.0,105.0,5.3,91.29129011198029,former
97251.0,41.0,male,28.2,171.6,0.5798368298368298,136.66666666666666,80.0,70.0,41.0,144.0,5.2,79.5022895222958,never
97253.0,57.0,female,31.6,162.8,0.7125307125307124,134.66666666666666,89.33333333333333,88.0,47.0,133.0,6.2,61.27199681328827,never
97256.0,57.0,male,21.7,173.2,0.5167436489607391,146.66666666666666,84.0,112.0,56.0,126.0,6.0,102.8370651465466,current
97259.0,57.0,male,24.5,161.4,0.5656753407682775,154.0,70.66666666666667,60.0,121.0,129.0,5.5,109.3981256185834,never
97260.0,45.0,female,30.5,153.1,0.6296538210320053,124.66666666666667,70.0,90.0,56.0,136.0,6.1,109.00075649936791,never
97266.0,43.0,male,26.7,180.2,0.49278579356270813,124.0,76.0,60.0,54.0,101.0,5.6,109.04618437844775,never
97277.0,47.0,male,35.9,166.0,0.6831325301204819,120.66666666666667,79.33333333333333,68.0,40.0,198.0,6.3,110.26529505274233,never
97280.0,48.0,male,31.3,167.9,0.6164383561643836,122.0,72.0,70.0,31.0,166.0,8.8,109.16616197879256,former
97284.0,52.0,female,27.7,166.7,0.5566886622675465,146.0,90.66666666666667,60.0,71.0,144.0,5.3,91.33149927380364,current
97289.0,48.0,female,28.7,161.7,0.5689548546691404,111.33333333333333,75.33333333333333,66.0,90.0,100.0,5.7,77.81950603764923,never
97299.0,59.0,male,27.8,183.1,0.6013107591480066,129.33333333333334,76.0,62.0,32.0,145.0,5.7,101.19017592953568,current
97308.0,51.0,female,32.9,169.5,0.6660766961651918,118.0,80.66666666666667,60.0,40.0,96.0,5.8,105.00826104510543,former
97333.0,48.0,female,20.7,163.1,0.46965052115266703,101.33333333333333,66.66666666666667,58.0,60.0,182.0,5.4,116.18548223639193,never
97336.0,58.0,female,18.4,152.7,0.45841519318926,117.33333333333333,79.33333333333333,54.0,72.0,208.0,5.2,84.09032713317622,never
97343.0,57.0,female,28.3,160.6,0.599626400996264,108.0,72.0,72.0,54.0,231.0,5.6,94.30853718135627,former
97352.0,45.0,male,22.7,164.6,0.4811664641555286,129.33333333333334,65.33333333333333,58.0,76.0,139.0,4.9,92.36635550507721,never
97361.0,54.0,male,31.5,187.9,0.5657264502394891,138.66666666666666,88.66666666666667,66.0,36.0,204.0,5.6,89.43859038783556,never
97365.0,49.0,female,22.1,154.0,0.5012987012987014,107.33333333333333,76.66666666666667,78.0,48.0,151.0,5.2,104.16627032220356,current
97371.0,57.0,female,28.2,162.0,0.6160493827160494,144.66666666666666,79.33333333333333,54.0,58.0,172.0,5.2,104.21147949415595,never
97373.0,41.0,female,34.2,159.3,0.731952291274325,114.0,81.33333333333333,70.0,34.0,193.0,5.5,88.21500901440605,current
97383.0,54.0,male,26.2,167.6,0.5441527446300717,113.33333333333333,66.66666666666667,58.0,71.0,152.0,5.4,75.62885709883268,never
97396.0,47.0,male,24.2,166.4,0.5336538461538461,144.0,96.0,74.0,38.0,133.0,5.6,96.89601532550854,never
97407.0,55.0,male,40.8,162.0,0.7222222222222222,144.66666666666666,98.0,110.0,52.0,133.0,6.0,102.98686079803451,former
97410.0,46.0,female,20.0,151.8,0.4683794466403161,105.33333333333333,75.33333333333333,78.0,69.0,98.0,5.4,117.06831415268523,never
97415.0,54.0,male,25.8,162.6,0.5528905289052891,124.66666666666667,68.66666666666667,74.0,56.0,68.0,5.9,78.91096806895133,never
97418.0,47.0,female,30.5,157.0,0.6509554140127388,125.33333333333333,65.33333333333333,82.0,49.0,143.0,5.8,108.4191755168399,current
97419.0,55.0,female,22.5,155.3,0.533161622665808,106.66666666666667,60.0,62.0,68.0,124.0,5.5,107.25467391513685,never
97429.0,51.0,male,24.9,172.4,0.5452436194895591,116.66666666666667,72.0,64.0,66.0,85.0,6.1,96.90800259119982,current
97436.0,45.0,male,27.0,173.6,0.5426267281105991,107.33333333333333,62.0,48.0,33.0,111.0,5.9,108.06634763368162,never
97437.0,48.0,male,26.5,165.8,0.548854041013269,125.33333333333333,88.0,64.0,42.0,189.0,5.4,99.99483475515086,never
97443.0,56.0,female,29.7,166.8,0.5863309352517985,122.66666666666667,81.33333333333333,66.0,90.0,198.0,5.6,79.23771411839174,former
97445.0,51.0,male,30.4,178.6,0.5559910414333706,134.66666666666666,97.33333333333333,76.0,45.0,191.0,5.7,64.13605020607015,current
97446.0,52.0,male,26.1,164.3,0.591600730371272,126.0,91.33333333333333,72.0,46.0,199.0,5.6,70.63839570832454,never
97452.0,47.0,female,29.6,155.0,0.6096774193548387,109.33333333333333,72.66666666666667,66.0,66.0,120.0,5.8,111.34114327788527,never
97464.0,55.0,male,39.8,175.1,0.75214163335237,140.0,72.66666666666667,78.0,43.0,146.0,8.9,104.51556885895864,never
97468.0,46.0,male,22.7,175.0,0.496,118.0,79.33333333333333,76.0,44.0,88.0,5.6,107.03047456623212,current
97472.0,57.0,male,21.7,170.1,0.507936507936508,117.33333333333333,78.66666666666667,72.0,34.0,147.0,5.6,95.77284415139648,former
97473.0,53.0,male,21.1,166.0,0.4921686746987952,132.0,84.66666666666667,66.0,80.0,86.0,5.7,107.4757476798004,never
97478.0,47.0,female,29.9,159.6,0.6040100250626567,108.66666666666667,58.666666666666664,64.0,66.0,123.0,6.3,105.47004460681335,never
97484.0,56.0,male,28.9,183.0,0.5633879781420764,142.66666666666666,90.0,70.0,45.0,228.0,6.2,83.30973859382364,former
97487.0,53.0,female,28.3,145.3,0.5884377150722643,130.66666666666666,70.66666666666667,58.0,75.0,124.0,5.6,105.60748702038678,never
97492.0,45.0,male,21.8,179.3,0.4673731176798661,102.0,55.333333333333336,66.0,48.0,81.0,5.3,82.56051377940999,current
97495.0,43.0,female,64.2,162.2,1.0166461159062887,142.0,84.66666666666667,70.0,64.0,119.0,5.9,106.32715235539774,former
97501.0,54.0,female,35.6,163.8,0.6843711843711843,114.0,70.66666666666667,66.0,39.0,164.0,5.7,99.29630760846462,never
97509.0,47.0,female,39.1,160.7,0.6509023024268824,120.66666666666667,75.33333333333333,68.0,47.0,98.0,4.9,108.4191755168399,former
97513.0,54.0,male,35.6,181.8,0.6501650165016502,104.0,66.66666666666667,62.0,29.0,83.0,5.4,89.43859038783556,current
97520.0,57.0,female,46.3,163.2,0.7677696078431373,136.66666666666666,60.666666666666664,70.0,50.0,174.0,5.7,68.1558268823069,former
97521.0,53.0,male,47.5,178.4,0.8094170403587444,128.0,72.0,64.0,41.0,199.0,6.1,91.088535552537,former
97524.0,44.0,female,20.2,173.8,0.4821634062140391,120.66666666666667,79.33333333333333,66.0,51.0,125.0,5.4,105.66792401079427,never
97538.0,54.0,female,33.6,154.1,0.6690460739779364,143.33333333333334,85.33333333333333,76.0,46.0,174.0,5.9,102.7104062534988,never
97539.0,41.0,male,36.5,180.1,0.6757357023875625,114.66666666666667,87.33333333333333,76.0,35.0,62.0,6.1,81.99750464076969,former
97548.0,50.0,female,24.4,151.9,0.5082290980908493,111.33333333333333,72.66666666666667,78.0,60.0,116.0,5.7,80.01233024469624,never
97550.0,47.0,female,23.6,163.5,0.490519877675841,102.66666666666667,60.0,50.0,62.0,105.0,5.0,83.79941882215135,never
97554.0,49.0,male,25.4,175.0,0.5874285714285714,122.0,86.66666666666667,84.0,53.0,215.0,5.5,121.4872434659636,former
97555.0,48.0,female,29.8,160.3,0.6213349968808484,122.0,70.0,64.0,41.0,58.0,5.0,106.98588641778689,never
97558.0,56.0,female,24.8,161.8,0.5265760197775031,129.33333333333334,68.66666666666667,54.0,60.0,162.0,5.7,103.26875482875136,current
97560.0,55.0,male,26.5,173.0,0.5404624277456648,108.0,79.33333333333333,74.0,36.0,100.0,5.2,81.95272616847748,never
97568.0,41.0,male,32.0,167.8,0.6311084624553039,157.33333333333334,103.33333333333333,70.0,27.0,230.0,5.7,104.44427033310565,former
97569.0,42.0,male,29.4,182.8,0.5700218818380743,115.33333333333333,73.33333333333333,66.0,39.0,138.0,5.8,74.444225283169,former
97570.0,50.0,female,30.6,165.9,0.617842073538276,132.66666666666666,83.33333333333333,74.0,51.0,133.0,6.3,110.64231773311954,never
97571.0,54.0,male,18.4,175.8,0.45620022753128553,141.33333333333334,88.0,72.0,37.0,88.0,5.1,90.52378663211127,current
97572.0,50.0,male,29.1,180.6,0.5991140642303433,110.0,78.66666666666667,58.0,66.0,159.0,5.8,104.40070243035957,never
97574.0,44.0,female,22.8,153.7,0.5185426154847105,132.66666666666666,86.66666666666667,68.0,53.0,80.0,5.3,113.43803611067987,never
97577.0,56.0,female,30.0,147.3,0.70061099796334,121.33333333333333,83.33333333333333,86.0,34.0,137.0,5.2,33.324386298884484,never
97578.0,41.0,male,25.3,157.8,0.5367553865652724,116.0,74.66666666666667,66.0,54.0,150.0,5.8,113.17655952541588,former
97588.0,56.0,male,24.1,174.7,0.5105895821408128,111.33333333333333,68.0,68.0,31.0,136.0,6.5,93.94087570324906,former
97594.0,56.0,female,19.7,157.5,0.45333333333333337,103.33333333333333,72.66666666666667,60.0,68.0,140.0,5.2,101.44074540397182,never
97598.0,40.0,female,33.6,158.0,0.639873417721519,100.66666666666667,72.0,66.0,54.0,109.0,5.5,112.05430679879757,never
97602.0,40.0,female,30.6,173.8,0.5857307249712312,104.0,58.0,66.0,42.0,118.0,5.7,87.52821257867093,never
97620.0,41.0,female,45.8,158.6,0.8026481715006305,188.0,118.0,92.0,54.0,153.0,6.8,111.35957009664503,never
97635.0,56.0,female,29.5,151.6,0.5580474934036939,136.66666666666666,84.66666666666667,66.0,55.0,156.0,5.4,99.72867783660065,never
97638.0,51.0,male,26.0,176.5,0.5286118980169972,106.66666666666667,74.66666666666667,66.0,34.0,139.0,5.6,61.37764320911608,former
97640.0,41.0,male,33.7,168.4,0.6918052256532067,136.66666666666666,88.0,56.0,35.0,129.0,5.4,119.23282822446572,never
97641.0,49.0,female,24.5,161.9,0.5194564546016058,127.33333333333333,76.66666666666667,90.0,61.0,117.0,5.7,75.34554778951197,never
97643.0,40.0,female,39.0,164.1,0.7428397318708105,111.33333333333333,77.33333333333333,84.0,55.0,147.0,5.8,90.03493554717605,never
97659.0,46.0,male,27.9,161.1,0.5884543761638734,134.0,95.33333333333333,66.0,38.0,142.0,5.6,96.30785621911429,current
97672.0,45.0,female,33.2,150.4,0.6555851063829786,114.66666666666667,74.66666666666667,72.0,47.0,161.0,5.7,108.62343073362948,never
97675.0,41.0,female,26.1,164.9,0.5233474833232261,138.66666666666666,95.33333333333333,86.0,63.0,97.0,5.1,96.31472393084532,never
97684.0,47.0,female,50.8,162.7,0.8955132145052244,148.66666666666666,63.333333333333336,62.0,34.0,145.0,5.9,113.70059034885377,never
97688.0,56.0,female,43.2,156.2,0.8220230473751602,203.33333333333334,94.0,74.0,48.0,170.0,9.5,101.79312063902118,never
97695.0,52.0,female,28.7,155.0,0.5696774193548387,128.66666666666666,60.0,74.0,48.0,207.0,5.8,44.12968884085293,former
97699.0,55.0,female,26.6,156.9,0.5863607393244105,142.0,82.0,76.0,55.0,134.0,5.3,103.91301552500637,never
97701.0,42.0,male,41.8,184.9,0.7441860465116279,133.33333333333334,74.66666666666667,76.0,52.0,176.0,5.9,78.21331316040836,never
97704.0,54.0,female,36.6,150.8,0.7128647214854111,119.33333333333333,73.33333333333333,74.0,49.0,163.0,6.0,104.17727330165486,never
97706.0,50.0,male,30.8,171.6,0.6136363636363636,129.33333333333334,82.66666666666667,64.0,41.0,164.0,7.3,106.62465005505777,current
97714.0,47.0,male,32.1,164.9,0.648271679805943,128.0,87.33333333333333,70.0,41.0,191.0,6.2,112.46418648860056,never
97727.0,53.0,male,45.3,190.8,0.7143605870020965,213.33333333333334,124.66666666666667,86.0,45.0,136.0,5.8,65.68919362137045,current
97737.0,57.0,male,23.2,177.1,0.5014116318464145,118.66666666666667,72.0,66.0,73.0,153.0,5.0,98.30424052058754,former
97744.0,55.0,male,21.1,177.0,0.488135593220339,122.66666666666667,81.33333333333333,58.0,64.0,122.0,5.3,91.06524228576315,never
97747.0,47.0,male,26.1,166.6,0.5432172869147659,112.66666666666667,76.0,54.0,73.0,125.0,5.5,75.06102725553306,never
97748.0,50.0,female,22.2,161.2,0.5161290322580646,118.0,80.0,70.0,72.0,121.0,5.8,91.07173614677602,never
97751.0,54.0,female,26.8,152.7,0.5789129011132941,118.66666666666667,77.33333333333333,74.0,52.0,141.0,5.8,105.75883970808275,former
97760.0,55.0,female,41.8,154.9,0.7598450613298903,145.33333333333334,76.0,68.0,58.0,148.0,8.6,103.15684229479876,never
97761.0,56.0,female,25.3,165.0,0.5733333333333333,156.66666666666666,68.0,68.0,55.0,133.0,5.0,82.68683503933518,never
97762.0,50.0,female,33.6,166.3,0.7227901383042694,139.33333333333334,90.0,70.0,45.0,162.0,5.0,93.91765822093848,never
97765.0,53.0,female,24.3,156.2,0.5653008962868118,161.33333333333334,104.66666666666667,82.0,45.0,149.0,6.0,114.35612871133567,never
97768.0,56.0,female,28.0,161.7,0.5986394557823129,121.33333333333333,80.0,58.0,56.0,161.0,5.3,77.08162705467984,former
97776.0,58.0,female,33.2,149.4,0.6994645247657295,160.0,84.66666666666667,70.0,60.0,145.0,5.9,98.49587580180284,never
97783.0,46.0,female,46.4,163.8,0.7789987789987789,140.66666666666666,66.0,64.0,70.0,100.0,5.7,90.60624516720716,never
97787.0,52.0,male,23.4,176.6,0.5050962627406569,115.33333333333333,76.66666666666667,62.0,61.0,112.0,5.9,101.40918448736092,former
97794.0,45.0,female,24.4,166.6,0.48919567827130855,122.0,78.0,64.0,62.0,102.0,5.3,114.62486269427619,never
97810.0,57.0,male,24.9,187.5,0.5093333333333333,132.0,91.33333333333333,66.0,51.0,208.0,5.5,99.95312289080611,current
97827.0,50.0,male,27.4,171.1,0.592635885447107,116.0,68.0,58.0,49.0,145.0,6.1,101.34062616103245,former
97841.0,44.0,female,33.4,165.5,0.5806646525679758,120.66666666666667,77.33333333333333,60.0,66.0,145.0,5.5,114.84902438840642,never
97845.0,47.0,male,29.6,173.4,0.6401384083044982,98.66666666666667,54.666666666666664,90.0,28.0,146.0,6.3,115.89044622192318,current
97876.0,58.0,male,30.2,168.8,0.6178909952606635,120.66666666666667,67.33333333333333,70.0,93.0,122.0,5.7,95.17905251765781,former
97878.0,49.0,female,30.9,163.2,0.6611519607843138,106.0,64.66666666666667,74.0,83.0,136.0,8.2,76.32938094900652,never
97896.0,57.0,female,22.1,157.2,0.5324427480916031,116.0,64.66666666666667,62.0,35.0,293.0,6.0,101.88166279936107,current
97897.0,58.0,male,41.2,168.2,0.7829964328180737,125.33333333333333,76.66666666666667,60.0,37.0,142.0,5.6,101.44941757797542,never
97901.0,45.0,male,24.5,181.0,0.5060773480662983,131.33333333333334,85.33333333333333,78.0,49.0,187.0,4.8,101.8780420417084,never
97909.0,45.0,female,34.2,161.7,0.7142857142857143,128.0,84.66666666666667,70.0,41.0,161.0,5.9,112.28652785867963,never
97915.0,42.0,female,28.7,155.9,0.6504169339320077,110.66666666666667,72.66666666666667,78.0,47.0,130.0,5.6,117.81165843905397,never
97923.0,43.0,female,19.4,160.5,0.49781931464174456,130.0,83.33333333333333,72.0,83.0,99.0,4.4,129.9791700175507,current
97928.0,56.0,male,26.0,183.5,0.4997275204359673,137.0,74.0,64.0,52.0,160.0,5.4,84.27192674301895,never
97952.0,57.0,male,27.3,166.5,0.5927927927927928,112.66666666666667,63.333333333333336,72.0,43.0,174.0,6.5,77.45230526901337,never
97966.0,54.0,female,25.8,169.1,0.5517445298639858,118.66666666666667,66.0,62.0,52.0,119.0,5.1,100.97690996778198,never
97967.0,40.0,female,27.3,151.1,0.5440105890138981,102.66666666666667,54.666666666666664,68.0,57.0,93.0,5.2,112.4435504162343,never
97974.0,44.0,female,24.5,141.9,0.5602536997885835,121.33333333333333,68.66666666666667,60.0,54.0,185.0,5.5,112.11199431587151,never
97978.0,41.0,female,41.7,177.2,0.7618510158013545,134.0,74.66666666666667,60.0,51.0,204.0,7.4,97.79838215559984,current
97987.0,58.0,female,21.5,163.4,0.5085679314565483,138.0,80.0,64.0,59.0,116.0,5.5,66.9047225158982,never
98009.0,57.0,male,21.4,169.1,0.5198107628622117,106.66666666666667,68.66666666666667,78.0,48.0,170.0,5.3,81.85682296090599,current
98014.0,59.0,female,35.8,170.2,0.7273795534665101,176.66666666666666,94.0,90.0,48.0,227.0,11.6,113.26536457571477,former
98015.0,49.0,male,23.8,175.5,0.554985754985755,111.33333333333333,86.66666666666667,116.0,35.0,145.0,4.6,107.28984710712193,current
98033.0,42.0,female,26.8,168.3,0.5086155674390967,110.66666666666667,68.66666666666667,66.0,52.0,126.0,5.4,95.71757264247408,never
98041.0,55.0,female,36.0,152.4,0.7598425196850394,174.66666666666666,92.66666666666667,62.0,54.0,159.0,5.3,100.35085312598174,current
98045.0,40.0,female,25.0,160.9,0.5108763206960846,119.33333333333333,78.66666666666667,72.0,82.0,81.0,5.7,117.24950947107469,never
98046.0,49.0,female,38.0,164.8,0.7263349514563107,118.0,74.0,80.0,43.0,133.0,5.9,110.41111045263344,current
98081.0,56.0,male,23.3,163.5,0.4666666666666667,116.66666666666667,77.33333333333333,78.0,52.0,94.0,5.9,79.65464989461398,never
98082.0,46.0,female,34.9,164.0,0.6499999999999999,126.0,84.66666666666667,80.0,33.0,210.0,10.9,111.15390845330381,never
98083.0,54.0,female,22.8,161.2,0.510545905707196,133.33333333333334,84.0,80.0,141.0,78.0,5.3,74.96912192944289,never
98092.0,41.0,male,32.5,162.5,0.6473846153846154,130.66666666666666,87.33333333333333,80.0,43.0,168.0,6.0,121.40272564713217,current
98094.0,45.0,female,38.9,155.7,0.6840077071290944,120.0,74.0,72.0,54.0,191.0,6.7,114.62486269427619,never
98099.0,54.0,male,24.6,182.2,0.5378704720087816,103.33333333333333,68.0,60.0,50.0,89.0,5.9,90.52378663211127,never
98135.0,42.0,female,48.2,163.3,0.8309859154929576,138.66666666666666,64.66666666666667,78.0,30.0,162.0,5.7,106.99049341456805,current
98138.0,40.0,male,29.9,169.4,0.6056670602125147,147.33333333333334,86.66666666666667,80.0,39.0,184.0,4.8,112.65351914476398,current
98141.0,56.0,female,34.7,149.7,0.8049432197728792,143.33333333333334,68.66666666666667,62.0,68.0,170.0,5.9,101.79312063902118,never
98144.0,45.0,female,23.5,157.1,0.5416931890515595,138.66666666666666,78.66666666666667,88.0,47.0,144.0,5.4,103.28891875590945,never
98153.0,55.0,male,22.6,154.4,0.49481865284974097,132.66666666666666,73.33333333333333,60.0,67.0,149.0,5.2,96.97156395755158,never
98156.0,46.0,female,30.2,154.4,0.6062176165803108,122.0,88.0,100.0,31.0,183.0,5.4,114.40993192679991,never
98161.0,43.0,female,35.5,161.0,0.6900621118012422,112.66666666666667,58.666666666666664,64.0,61.0,179.0,5.2,111.1501698505097,current
98165.0,55.0,male,35.1,177.2,0.6805869074492099,129.33333333333334,80.0,68.0,39.0,187.0,6.1,102.25760869372719,former
98168.0,55.0,female,23.3,173.6,0.4988479262672811,116.66666666666667,76.0,62.0,51.0,154.0,5.9,103.15684229479876,never
98174.0,48.0,male,37.8,161.2,0.7028535980148883,120.0,50.0,88.0,60.0,144.0,5.9,98.73307542673527,never
98189.0,43.0,male,23.5,171.0,0.4865497076023392,112.0,68.66666666666667,78.0,54.0,107.0,5.3,110.57112804401123,never
98202.0,50.0,male,34.7,163.3,0.6344151867728107,130.66666666666666,69.33333333333333,66.0,50.0,158.0,4.6,75.94618136817637,former
98207.0,46.0,male,35.0,188.1,0.6496544391281234,114.0,78.66666666666667,84.0,49.0,138.0,5.6,77.06809033762835,current
98209.0,58.0,male,26.8,183.3,0.5608292416803055,112.66666666666667,70.66666666666667,58.0,35.0,116.0,5.5,88.29958896613265,never
98215.0,51.0,female,30.4,159.1,0.6794468887492143,127.33333333333333,75.33333333333333,64.0,68.0,145.0,5.4,106.1392486442389,never
98216.0,47.0,male,27.4,170.9,0.5769455822118197,112.66666666666667,77.33333333333333,74.0,44.0,112.0,5.5,87.1093876169541,never
98220.0,50.0,male,45.2,182.7,0.7952928297755885,141.33333333333334,76.66666666666667,70.0,51.0,111.0,5.8,104.0490129932253,former
98223.0,52.0,male,35.1,178.9,0.6517607602012296,138.0,85.33333333333333,78.0,42.0,155.0,6.6,90.55802889550912,never
98228.0,52.0,female,64.7,163.7,0.9102015882712279,130.66666666666666,74.66666666666667,82.0,47.0,135.0,7.4,91.33149927380364,never
98238.0,44.0,female,30.9,166.5,0.6426426426426426,136.66666666666666,57.333333333333336,112.0,67.0,105.0,5.4,134.062380937159,never
98242.0,53.0,female,30.7,173.0,0.6179190751445087,115.33333333333333,73.33333333333333,92.0,38.0,56.0,6.5,75.43683027716128,former
98259.0,52.0,female,67.7,165.3,0.9455535390199638,131.33333333333334,60.0,112.0,57.0,156.0,7.4,83.56010305475766,never
98262.0,59.0,male,26.6,176.6,0.5464326160815403,116.66666666666667,61.333333333333336,62.0,65.0,102.0,5.7,94.58894239204834,never
98266.0,41.0,female,35.9,161.0,0.6875776397515528,84.66666666666667,58.0,66.0,54.0,155.0,5.6,114.66470977385406,current
98267.0,49.0,male,25.3,167.5,0.5361194029850747,133.33333333333334,92.0,62.0,44.0,152.0,4.4,93.38298460428818,former
98271.0,50.0,male,28.8,165.7,0.6035003017501509,136.66666666666666,85.33333333333333,68.0,33.0,136.0,5.8,106.2397055420496,never
98272.0,55.0,male,41.7,175.3,0.7455790074158584,156.66666666666666,97.33333333333333,74.0,37.0,160.0,7.1,81.04298554773835,former
98274.0,52.0,female,43.1,159.2,0.7839195979899498,122.0,78.0,70.0,49.0,153.0,5.6,97.28727667403513,never
98293.0,52.0,female,36.3,171.0,0.6701754385964912,112.66666666666667,68.0,66.0,60.0,197.0,7.7,73.95279149224442,former
98300.0,48.0,female,34.6,163.0,0.6687116564417178,110.66666666666667,68.0,70.0,56.0,130.0,5.6,88.17825856896944,former
98310.0,47.0,female,40.5,157.8,0.7370088719898605,116.66666666666667,76.66666666666667,78.0,45.0,148.0,5.5,112.25455726091992,never
98318.0,40.0,male,34.5,185.2,0.6204103671706264,135.33333333333334,84.66666666666667,80.0,28.0,218.0,5.3,80.81947370456255,never
98326.0,55.0,female,20.2,163.8,0.46642246642246643,116.66666666666667,74.0,72.0,84.0,171.0,5.3,100.35085312598174,never
98336.0,41.0,female,34.7,178.0,0.6775280898876405,163.33333333333334,106.66666666666667,70.0,48.0,84.0,6.2,66.92442684299931,never
98338.0,54.0,male,20.1,163.8,0.48473748473748474,144.0,78.66666666666667,118.0,87.0,51.0,6.9,70.45197122009002,never
98354.0,57.0,female,43.7,163.3,0.7826086956521738,113.33333333333333,68.66666666666667,58.0,71.0,79.0,6.0,94.30853718135627,never
98355.0,53.0,female,24.8,163.6,0.543398533007335,110.0,60.666666666666664,60.0,94.0,137.0,5.9,110.02140485363807,never
98374.0,42.0,female,34.6,165.7,0.7024743512371757,132.66666666666666,68.66666666666667,72.0,29.0,140.0,5.6,85.25524032443421,current
98381.0,40.0,male,27.7,172.7,0.5998841922408802,112.66666666666667,80.66666666666667,72.0,41.0,152.0,5.5,105.09586469420975,never
98384.0,54.0,female,24.9,157.4,0.5749682337992376,147.33333333333334,97.33333333333333,90.0,80.0,154.0,5.3,87.50323528498794,never
98392.0,47.0,male,24.0,176.4,0.4744897959183674,118.0,79.33333333333333,60.0,51.0,171.0,6.0,63.47125641609383,never
98399.0,54.0,male,27.5,169.6,0.5571933962264151,126.66666666666667,69.33333333333333,74.0,57.0,192.0,5.8,91.63336917464595,never
98401.0,41.0,male,29.2,177.9,0.5143338954468802,123.33333333333333,68.66666666666667,64.0,64.0,67.0,5.3,77.1428358828975,never
98444.0,59.0,female,37.9,154.6,0.7335058214747737,123.33333333333333,56.0,58.0,48.0,252.0,5.1,70.80232492758533,current
98452.0,52.0,male,22.1,179.2,0.4676339285714286,96.0,44.0,104.0,147.0,207.0,5.8,84.44227448614791,former
98461.0,54.0,female,18.5,163.0,0.45889570552147235,166.0,82.0,114.0,59.0,84.0,5.8,10.34661013566866,never
98469.0,41.0,male,28.0,159.7,0.5779586725109581,118.0,73.33333333333333,64.0,35.0,163.0,5.2,105.79338330762911,never
98489.0,55.0,female,35.1,164.0,0.6432926829268293,151.33333333333334,84.0,84.0,92.0,134.0,6.7,102.78918416545584,former
98495.0,48.0,male,24.9,176.1,0.49744463373083475,110.0,72.66666666666667,66.0,60.0,136.0,5.3,90.65897096731084,never
98500.0,56.0,female,28.8,147.6,0.6056910569105691,105.33333333333333,61.333333333333336,70.0,55.0,162.0,6.1,104.0494974731224,never
98521.0,40.0,male,30.7,176.0,0.6215909090909091,139.33333333333334,65.33333333333333,72.0,39.0,151.0,6.2,89.9660222135197,current
98524.0,49.0,female,36.1,159.1,0.6712759270898806,126.66666666666667,84.0,82.0,50.0,193.0,6.3,95.99769873789384,current
98537.0,59.0,female,32.0,157.0,0.678343949044586,156.66666666666666,94.66666666666667,86.0,41.0,135.0,5.9,102.12615101026228,never
98542.0,54.0,female,31.7,163.0,0.611042944785276,128.66666666666666,64.0,56.0,69.0,124.0,6.0,99.29630760846462,never
98548.0,43.0,male,29.1,155.4,0.6377091377091376,125.33333333333333,85.33333333333333,60.0,35.0,130.0,6.0,112.61418023534857,former
98550.0,40.0,male,40.8,180.8,0.6969026548672566,123.33333333333333,70.0,76.0,53.0,103.0,5.5,111.86506113710337,never
98556.0,48.0,male,23.6,168.6,0.48635824436536185,148.0,107.33333333333333,56.0,55.0,180.0,5.7,76.89674509649136,never
98561.0,44.0,male,36.1,178.4,0.6653587443946188,180.66666666666666,90.0,58.0,67.0,207.0,5.7,78.83371403335208,current
98565.0,57.0,female,22.1,154.3,0.4646791963707064,115.33333333333333,62.666666666666664,74.0,48.0,162.0,5.7,101.5185494980435,current
98574.0,56.0,female,25.1,187.8,0.5612353567625133,157.33333333333334,80.0,56.0,80.0,140.0,5.5,93.38057929023518,current
98585.0,51.0,female,19.0,162.9,0.4898710865561694,100.0,66.66666666666667,94.0,67.0,116.0,4.9,66.606239042457,never
98595.0,50.0,female,28.6,157.7,0.5523145212428662,103.33333333333333,70.66666666666667,58.0,58.0,138.0,5.7,107.5963976432085,never
98601.0,41.0,female,29.5,159.0,0.569811320754717,130.0,94.66666666666667,90.0,39.0,173.0,6.2,74.36591105907303,former
98611.0,59.0,female,27.1,158.5,0.637223974763407,136.0,75.33333333333333,68.0,72.0,177.0,6.1,94.67593981865527,never
98616.0,44.0,female,19.4,154.5,0.47896440129449835,105.33333333333333,73.33333333333333,60.0,70.0,154.0,5.4,110.86209008191365,never
98617.0,55.0,female,30.6,150.5,0.6757475083056479,128.66666666666666,72.66666666666667,64.0,88.0,104.0,5.5,105.10313490189264,former
98622.0,59.0,female,33.7,163.2,0.6801470588235294,138.0,57.333333333333336,50.0,74.0,200.0,5.7,61.20683153734033,never
98624.0,53.0,male,31.3,177.2,0.6004514672686231,136.66666666666666,89.33333333333333,68.0,62.0,209.0,5.3,74.54232240826217,never
98627.0,53.0,male,24.2,164.2,0.5615103532277711,126.0,82.0,82.0,36.0,66.0,5.6,103.53749363352765,former
98628.0,48.0,male,28.8,175.0,0.5794285714285715,115.33333333333333,78.66666666666667,72.0,42.0,184.0,5.9,99.99483475515086,never
98629.0,45.0,male,27.4,188.6,0.5615058324496289,120.66666666666667,80.66666666666667,72.0,51.0,211.0,5.4,103.19400688974802,current
98631.0,43.0,female,25.9,163.3,0.5015309246785058,114.66666666666667,71.33333333333333,84.0,72.0,125.0,5.0,113.24727508410199,current
98646.0,43.0,female,30.7,154.0,0.6642857142857143,106.66666666666667,78.0,72.0,43.0,224.0,5.4,98.09667977649853,current
98653.0,57.0,male,35.6,171.0,0.6619883040935672,154.66666666666666,78.0,96.0,49.0,159.0,8.5,64.07518964994532,former
98656.0,54.0,male,31.5,187.3,0.6246663107314468,129.33333333333334,90.0,78.0,34.0,112.0,8.8,101.83554461591875,never
98657.0,55.0,male,26.4,177.0,0.5333333333333333,110.0,72.66666666666667,60.0,61.0,109.0,5.2,82.88136593884091,never
98666.0,53.0,male,29.6,189.1,0.5795875198307774,118.66666666666667,94.66666666666667,70.0,48.0,161.0,5.8,86.86029175261116,never
98673.0,55.0,female,27.8,151.1,0.6201191264063535,121.33333333333333,82.66666666666667,74.0,49.0,163.0,5.7,109.65419759122406,never
98691.0,56.0,male,29.1,167.6,0.6139618138424822,102.66666666666667,71.33333333333333,74.0,48.0,166.0,5.7,106.34208664924064,never
98693.0,56.0,female,30.7,159.0,0.6408805031446542,204.0,90.66666666666667,60.0,45.0,139.0,5.3,102.517269872571,never
98694.0,54.0,female,36.1,159.7,0.7119599248591109,104.66666666666667,66.66666666666667,68.0,63.0,158.0,5.9,103.06719191592134,never
98708.0,43.0,male,19.0,170.9,0.4681100058513751,132.0,84.66666666666667,92.0,137.0,149.0,5.4,111.36909023142913,current
98711.0,53.0,male,31.6,178.1,0.6069623806850084,115.33333333333333,64.0,68.0,47.0,198.0,5.8,105.82371506212196,current
98713.0,59.0,female,27.6,170.6,0.6072684642438453,152.0,54.666666666666664,60.0,70.0,180.0,5.8,67.31331453895166,never
98714.0,40.0,female,42.4,161.3,0.7346559206447613,123.33333333333333,82.0,78.0,66.0,149.0,5.6,112.83985851706738,former
98716.0,41.0,female,44.3,159.3,0.7532956685499058,132.0,86.0,70.0,81.0,88.0,6.6,116.04350517984818,never
98721.0,55.0,female,35.0,160.5,0.6903426791277258,178.0,92.66666666666667,70.0,45.0,216.0,5.5,97.06075278137192,never
98722.0,57.0,female,48.4,166.3,0.9079975947083583,158.66666666666666,72.0,60.0,35.0,175.0,8.9,92.80161969863572,never
98728.0,41.0,male,29.7,177.7,0.642656162070906,118.66666666666667,71.33333333333333,66.0,44.0,103.0,5.4,114.02369093222877,never
98748.0,50.0,male,18.4,172.4,0.4518561484918794,108.0,61.333333333333336,44.0,31.0,165.0,5.1,80.89867370896731,current
98751.0,42.0,male,21.1,160.4,0.4688279301745636,118.0,76.0,66.0,52.0,191.0,5.1,109.72648860781621,never
98757.0,41.0,male,27.2,169.4,0.5425029515938607,102.0,68.66666666666667,58.0,50.0,202.0,5.3,114.02369093222877,former
98769.0,41.0,male,25.2,180.1,0.5530260966129927,115.33333333333333,71.33333333333333,62.0,51.0,142.0,5.2,103.12636693624476,never
98770.0,46.0,female,52.4,167.1,0.8264512268102933,150.0,100.66666666666667,74.0,64.0,70.0,6.3,106.12803844517343,never
98772.0,59.0,male,27.4,177.5,0.6112676056338028,108.66666666666667,63.333333333333336,72.0,44.0,114.0,5.3,102.7300653498076,former
98776.0,45.0,female,42.6,189.3,0.7062863180137348,134.66666666666666,84.66666666666667,82.0,52.0,141.0,5.1,95.39544540914022,never
98778.0,42.0,male,21.5,168.5,0.4801186943620178,110.0,68.66666666666667,62.0,68.0,99.0,5.0,111.65930466448208,never
98780.0,45.0,male,38.1,181.3,0.6685052399338114,133.33333333333334,86.66666666666667,72.0,32.0,192.0,6.0,92.36635550507721,current
98781.0,55.0,female,35.4,162.1,0.6853793954349167,118.66666666666667,76.0,78.0,55.0,142.0,5.3,83.20269172804909,former
98782.0,43.0,female,29.3,158.9,0.6179987413467589,179.33333333333334,86.66666666666667,68.0,72.0,48.0,5.5,110.36504057027986,never
98783.0,40.0,female,44.2,169.1,0.7764636309875814,132.0,80.66666666666667,58.0,59.0,129.0,6.8,80.7236532975235,former
98790.0,44.0,male,34.3,175.9,0.6242183058555998,124.66666666666667,82.0,96.0,50.0,123.0,5.7,101.22008446596493,current
98791.0,54.0,male,21.6,184.9,0.46619794483504595,121.33333333333333,67.33333333333333,68.0,41.0,121.0,5.1,103.25965192949795,never
98793.0,46.0,female,22.9,152.8,0.5111256544502617,113.33333333333333,78.0,62.0,57.0,131.0,5.5,113.42931128248769,never
98797.0,55.0,female,22.2,150.1,0.5502998001332445,124.66666666666667,84.66666666666667,82.0,51.0,154.0,5.8,102.78918416545584,never
98803.0,45.0,male,44.8,168.4,0.7422802850356295,121.33333333333333,82.66666666666667,96.0,43.0,142.0,5.5,111.2220932895185,never
98810.0,55.0,female,38.1,154.6,0.8065976714100906,100.0,60.0,84.0,67.0,175.0,5.9,89.6432439689536,current
98819.0,58.0,female,46.1,155.7,0.8060372511239564,171.0,86.0,72.0,48.0,168.0,6.6,100.18677954321588,never
98823.0,51.0,female,34.0,145.4,0.7592847317744155,102.66666666666667,62.666666666666664,94.0,31.0,253.0,12.1,116.40238575404027,never
98832.0,48.0,female,26.9,171.9,0.522978475858057,123.33333333333333,78.66666666666667,100.0,51.0,127.0,5.6,79.9226973326412,never
98834.0,55.0,female,20.4,166.6,0.49579831932773105,156.66666666666666,87.33333333333333,74.0,58.0,164.0,5.0,108.66136865625555,current
98840.0,50.0,female,35.1,159.3,0.6497175141242938,138.66666666666666,96.0,102.0,55.0,149.0,5.2,84.60596476455257,never
98843.0,56.0,male,22.6,163.3,0.5309246785058175,128.0,67.33333333333333,68.0,41.0,150.0,6.4,105.48906726169858,current
98845.0,50.0,female,29.8,161.0,0.5341614906832298,106.0,65.33333333333333,62.0,62.0,175.0,13.3,108.84854165469638,never
98846.0,47.0,female,29.1,169.2,0.574468085106383,131.33333333333334,88.66666666666667,86.0,58.0,105.0,5.4,107.28067567720989,current
98847.0,52.0,male,35.3,177.5,0.6952112676056338,158.66666666666666,102.0,84.0,41.0,112.0,5.0,88.43145178006125,never
98857.0,58.0,male,24.3,165.9,0.5617842073538276,136.66666666666666,83.33333333333333,64.0,47.0,184.0,6.1,95.17905251765781,former
98872.0,44.0,female,39.7,157.3,0.8048315321042593,132.66666666666666,90.0,74.0,68.0,138.0,5.5,66.43166425854102,never
98878.0,42.0,female,30.3,156.9,0.609942638623327,114.0,74.66666666666667,72.0,52.0,110.0,5.2,86.44622732718695,never
98892.0,55.0,male,22.5,177.5,0.4726760563380282,130.66666666666666,67.33333333333333,72.0,69.0,111.0,5.5,108.35130426303613,current
98902.0,56.0,female,18.9,165.2,0.4503631961259081,98.66666666666667,71.33333333333333,66.0,97.0,145.0,5.4,107.04533483249135,never
98904.0,51.0,female,19.1,157.8,0.4512040557667934,95.33333333333333,65.33333333333333,68.0,87.0,155.0,5.2,106.92929997782062,never
98907.0,56.0,male,24.6,177.2,0.5265237020316027,116.66666666666667,65.33333333333333,62.0,48.0,127.0,5.7,79.65464989461398,never
98917.0,56.0,female,28.9,161.0,0.5975155279503106,151.33333333333334,88.0,90.0,66.0,269.0,5.4,81.50700526579048,never
98923.0,48.0,female,41.0,159.8,0.7509386733416771,126.0,72.0,80.0,57.0,163.0,5.8,90.83017609546867,current
98926.0,48.0,female,21.9,152.6,0.49344692005242463,114.0,67.33333333333333,56.0,75.0,223.0,5.3,115.62116716318796,never
98932.0,45.0,male,35.1,158.4,0.6767676767676768,143.33333333333334,74.66666666666667,68.0,36.0,141.0,6.0,111.64540644321451,never
98933.0,46.0,female,19.7,163.7,0.45204642638973735,112.66666666666667,64.0,66.0,71.0,133.0,5.5,108.70674387954075,never
98941.0,59.0,female,23.6,146.0,0.6013698630136987,141.33333333333334,84.0,62.0,60.0,133.0,5.9,104.61939313134867,never
98945.0,43.0,male,39.0,189.7,0.6937269372693727,114.66666666666667,67.33333333333333,58.0,27.0,176.0,5.4,84.49839401343527,never
98951.0,52.0,female,34.1,161.4,0.7546468401486989,114.66666666666667,65.33333333333333,76.0,37.0,151.0,10.0,51.367621407347016,former
98980.0,54.0,male,31.6,162.8,0.6621621621621621,110.0,70.66666666666667,50.0,56.0,125.0,5.4,104.77380028778039,current
98988.0,59.0,female,37.4,157.5,0.7238095238095238,145.33333333333334,81.33333333333333,72.0,41.0,148.0,12.2,110.16747591010754,never
98992.0,56.0,male,42.6,173.0,0.715606936416185,122.0,76.66666666666667,82.0,41.0,142.0,5.6,72.42100075875773,current
98995.0,55.0,female,26.0,172.2,0.540650406504065,89.33333333333333,64.66666666666667,64.0,66.0,215.0,5.5,86.96071522622101,former
98998.0,51.0,female,38.0,159.2,0.6488693467336684,117.33333333333333,80.0,76.0,43.0,135.0,6.0,82.8957770560832,never
99012.0,51.0,female,26.7,147.9,0.5611899932386748,133.33333333333334,93.33333333333333,86.0,45.0,235.0,5.6,105.37836341516153,former
99019.0,41.0,female,46.5,168.4,0.8521377672209026,110.66666666666667,64.0,64.0,42.0,134.0,6.1,112.14025139426158,current
99028.0,42.0,female,35.1,155.2,0.6333762886597939,118.66666666666667,71.33333333333333,64.0,64.0,136.0,5.4,71.27849767358813,current
99029.0,46.0,male,23.9,179.1,0.5276381909547739,120.0,82.0,70.0,31.0,152.0,6.7,112.7079969423148,former
99033.0,56.0,male,28.2,163.8,0.5946275946275946,122.0,80.0,64.0,38.0,145.0,5.6,100.92049922385212,current
99036.0,44.0,male,33.1,168.8,0.6273696682464455,114.0,80.66666666666667,70.0,40.0,184.0,5.7,77.2464745969772,never
99063.0,41.0,male,25.5,187.8,0.4994675186368477,148.0,83.33333333333333,56.0,47.0,121.0,5.8,87.44324120587225,current
99081.0,59.0,male,22.1,165.6,0.532608695652174,158.0,90.0,60.0,65.0,114.0,5.8,107.55622326504223,current
99095.0,47.0,female,19.6,152.9,0.4663178548070634,98.0,62.0,66.0,89.0,153.0,5.3,114.20450392011098,never
99099.0,45.0,female,37.4,156.3,0.710172744721689,124.0,72.66666666666667,68.0,44.0,162.0,5.5,101.61623497648871,current
99102.0,50.0,male,29.5,166.0,0.5831325301204819,129.33333333333334,86.66666666666667,76.0,36.0,163.0,5.5,105.86068189464811,never
99108.0,51.0,male,25.8,180.8,0.536504424778761,144.0,86.66666666666667,74.0,87.0,107.0,5.1,114.61774054492003,current
99111.0,48.0,female,24.2,166.3,0.539386650631389,163.0,102.0,84.0,118.0,55.0,5.1,92.2116155652832,current
99114.0,41.0,male,27.0,167.8,0.5399284862932061,117.33333333333333,76.0,60.0,38.0,100.0,4.4,116.26788421940397,never
99116.0,53.0,female,20.3,160.8,0.5124378109452736,123.33333333333333,80.66666666666667,78.0,70.0,177.0,5.7,107.2629237986294,never
99131.0,56.0,female,52.6,165.2,0.8837772397094431,125.33333333333333,64.66666666666667,108.0,97.0,32.0,6.5,102.88947968710006,never
99136.0,40.0,male,26.6,173.6,0.5679723502304147,112.66666666666667,62.666666666666664,56.0,56.0,132.0,6.0,82.5090608178403,never
99153.0,53.0,female,22.6,165.3,0.5644283121597096,160.0,102.66666666666667,62.0,95.0,101.0,5.0,95.13922000175727,current
99159.0,57.0,female,25.5,154.2,0.5486381322957199,128.66666666666666,18.666666666666668,74.0,102.0,121.0,5.6,103.40439058878903,former
99160.0,43.0,female,30.2,165.9,0.5569620253164557,109.33333333333333,64.66666666666667,72.0,47.0,94.0,5.1,99.64760563108645,former
99167.0,50.0,female,30.7,160.4,0.5349127182044887,138.66666666666666,72.66666666666667,66.0,82.0,110.0,5.6,98.50495154282892,never
99168.0,40.0,female,22.9,152.7,0.501637197118533,118.0,70.0,78.0,84.0,130.0,5.2,126.73428001601701,never
99187.0,42.0,male,36.8,167.3,0.7244471010161386,121.33333333333333,89.33333333333333,80.0,31.0,181.0,5.5,112.89242127623127,current
99190.0,53.0,female,26.6,154.5,0.5631067961165048,110.66666666666667,68.66666666666667,74.0,61.0,96.0,5.0,96.68409555865611,never
99193.0,44.0,female,37.3,150.5,0.7089700996677741,130.66666666666666,90.0,62.0,45.0,126.0,6.0,113.89845046410385,never
99195.0,43.0,male,51.0,179.5,0.8534818941504178,130.0,85.33333333333333,76.0,37.0,140.0,5.9,94.63469369527397,former
99208.0,41.0,male,29.1,175.5,0.5646723646723646,112.0,78.0,66.0,41.0,162.0,5.0,105.79338330762911,never
99224.0,46.0,female,35.9,161.8,0.5834363411619283,124.0,75.33333333333333,76.0,58.0,62.0,5.4,109.49166170364069,never
99226.0,47.0,female,29.6,157.8,0.5880861850443599,101.33333333333333,52.666666666666664,72.0,54.0,145.0,5.1,105.47004460681335,former
99227.0,52.0,male,30.9,160.7,0.7062850031113878,148.66666666666666,98.0,66.0,41.0,148.0,5.3,110.86579598179011,current
99237.0,44.0,female,25.6,150.3,0.5894876912840984,118.0,73.0,72.0,55.0,178.0,5.9,97.48848036188426,never
99240.0,54.0,female,18.0,166.7,0.3893221355728855,168.66666666666666,85.33333333333333,70.0,99.0,107.0,5.6,105.35181019596847,current
99242.0,46.0,female,27.0,160.4,0.5193266832917706,106.0,75.33333333333333,82.0,23.0,190.0,5.5,94.80399364760355,never
99251.0,45.0,male,29.3,175.0,0.5937142857142857,122.66666666666667,77.33333333333333,54.0,39.0,159.0,5.4,90.23894452772234,never
99255.0,56.0,female,57.2,156.7,1.0044671346522018,173.33333333333334,73.33333333333333,62.0,83.0,90.0,5.1,78.14604024712308,former
99258.0,49.0,male,34.4,189.1,0.6229508196721312,124.0,73.33333333333333,72.0,58.0,166.0,5.6,86.03257969536385,current
99260.0,48.0,female,39.6,159.2,0.8071608040201006,120.0,74.66666666666667,72.0,54.0,142.0,6.4,107.74697662863548,never
99263.0,50.0,female,22.8,156.0,0.5237179487179487,117.33333333333333,76.0,70.0,48.0,167.0,5.5,108.42282226099753,never
99271.0,56.0,female,18.1,152.9,0.4251144538914323,134.0,74.66666666666667,68.0,105.0,178.0,5.6,108.97434156615849,never
99274.0,53.0,female,28.6,162.9,0.6138735420503376,142.0,76.66666666666667,60.0,54.0,105.0,5.4,80.73000160467343,never
99277.0,58.0,male,26.0,167.9,0.615842763549732,96.0,54.666666666666664,74.0,25.0,139.0,5.8,113.64149425784325,current
99282.0,42.0,female,39.5,162.9,0.7888275015346838,131.33333333333334,88.66666666666667,78.0,40.0,204.0,5.7,115.80012262477743,current
99287.0,57.0,male,38.8,160.1,0.7626483447845097,164.66666666666666,82.66666666666667,70.0,38.0,204.0,6.4,100.99354512840317,never
99291.0,42.0,male,31.2,163.6,0.6552567237163814,139.33333333333334,92.0,66.0,47.0,166.0,13.9,112.89242127623127,never
99305.0,50.0,male,31.7,171.6,0.6118881118881119,124.66666666666667,85.33333333333333,72.0,37.0,147.0,9.1,91.6914786098333,never
99316.0,47.0,male,27.6,171.5,0.5638483965014578,106.66666666666667,64.66666666666667,58.0,48.0,110.0,5.3,117.50487188929733,never
99321.0,45.0,male,25.4,174.4,0.518348623853211,108.0,77.33333333333333,72.0,60.0,117.0,5.3,109.20429641042752,former
99327.0,59.0,male,38.2,176.8,0.7273755656108597,162.66666666666666,88.0,90.0,35.0,112.0,6.6,88.82774088552983,former
99335.0,46.0,male,24.0,174.4,0.4902522935779816,144.66666666666666,62.0,72.0,80.0,126.0,5.2,94.00111532617566,current
99340.0,52.0,female,19.7,161.5,0.43653250773993807,134.66666666666666,75.33333333333333,60.0,60.0,183.0,5.7,98.88870236821016,current
99344.0,45.0,male,28.8,180.6,0.5968992248062015,115.33333333333333,67.33333333333333,58.0,37.0,209.0,5.8,107.33540586327024,never
99345.0,52.0,male,31.0,167.2,0.5927033492822966,130.66666666666666,86.0,60.0,40.0,149.0,5.4,108.14625445743651,never
99358.0,43.0,male,23.5,171.0,0.5152046783625731,100.0,73.33333333333333,74.0,66.0,125.0,5.3,93.52243874294443,former
99364.0,52.0,male,25.0,161.7,0.54421768707483,127.33333333333333,82.0,62.0,37.0,109.0,5.8,109.46963846213376,current
99366.0,47.0,female,40.6,153.2,0.808093994778068,144.0,80.0,72.0,48.0,162.0,6.0,112.25455726091992,current
99370.0,48.0,female,38.5,159.4,0.7038895859473023,110.0,71.33333333333333,64.0,56.0,178.0,5.5,81.01378703394356,former
99376.0,53.0,male,33.2,172.5,0.6823188405797102,128.66666666666666,75.33333333333333,78.0,35.0,204.0,7.7,66.30072860348848,current
99388.0,55.0,female,48.9,169.1,0.8616203429923122,172.0,88.66666666666667,74.0,59.0,137.0,8.9,102.78918416545584,never
99389.0,59.0,female,36.0,159.7,0.7313713212273012,133.33333333333334,80.66666666666667,74.0,60.0,103.0,5.5,103.3340819315602,current
99390.0,41.0,female,27.1,166.7,0.5278944211157769,127.33333333333333,87.33333333333333,64.0,84.0,118.0,5.7,94.87181502672615,former
99405.0,54.0,male,42.8,163.7,0.8087965791081247,117.33333333333333,84.0,98.0,45.0,125.0,5.7,82.46400298699686,former
99407.0,49.0,female,49.9,155.1,0.8562217923920052,129.33333333333334,58.666666666666664,62.0,49.0,178.0,6.0,90.26702900367677,never
99410.0,52.0,female,37.4,161.6,0.7252475247524753,122.66666666666667,76.66666666666667,72.0,44.0,113.0,6.9,109.27460608392252,never
99416.0,45.0,male,24.5,169.8,0.5170789163722025,134.66666666666666,86.0,50.0,37.0,137.0,4.4,91.29129011198029,never
99419.0,46.0,male,25.7,168.3,0.5490196078431373,110.0,73.33333333333333,74.0,42.0,142.0,5.4,96.30785621911429,never
99420.0,51.0,female,34.0,155.0,0.6716129032258065,135.33333333333334,78.0,90.0,41.0,144.0,6.3,79.51625379717913,never
99422.0,57.0,male,26.6,175.5,0.5754985754985755,112.66666666666667,77.33333333333333,80.0,72.0,144.0,5.5,95.77284415139648,never
99424.0,54.0,male,35.4,167.3,0.6724447101016138,168.0,82.0,70.0,35.0,144.0,5.8,67.13677579600252,current
99425.0,57.0,female,35.5,165.6,0.6648550724637681,139.33333333333334,82.66666666666667,78.0,46.0,61.0,7.7,81.00166183314259,never
99427.0,45.0,female,40.6,162.8,0.8230958230958231,134.0,72.0,72.0,44.0,121.0,6.4,81.42788513905846,never
99438.0,41.0,female,29.2,153.8,0.5858257477243172,123.33333333333333,72.0,60.0,49.0,202.0,5.9,109.48009742992114,never
99440.0,55.0,female,27.1,155.3,0.6278171281390856,143.33333333333334,68.66666666666667,86.0,48.0,153.0,7.5,103.91301552500637,never
99443.0,57.0,male,42.7,176.1,0.8086314593980694,116.66666666666667,74.0,94.0,45.0,50.0,7.8,85.7238597205695,never
99444.0,52.0,male,35.5,166.6,0.7028811524609844,127.33333333333333,92.66666666666667,90.0,49.0,157.0,8.2,103.11014688322453,former
99448.0,49.0,male,24.5,173.8,0.49021864211737626,97.33333333333333,63.333333333333336,50.0,38.0,151.0,5.4,79.67752799698384,current
99449.0,41.0,male,34.1,179.4,0.6042363433667781,124.66666666666667,90.66666666666667,82.0,40.0,163.0,5.7,79.5022895222958,never
99454.0,57.0,male,30.5,183.0,0.6103825136612022,140.0,78.0,84.0,35.0,112.0,7.9,15.335198441397058,never
99457.0,40.0,male,25.0,158.9,0.5424795468848332,144.66666666666666,70.66666666666667,62.0,57.0,98.0,5.2,112.65351914476398,never
99464.0,48.0,male,26.9,169.0,0.5136094674556213,103.33333333333333,60.666666666666664,70.0,33.0,89.0,5.8,112.22709313676864,current
99469.0,59.0,male,36.2,173.9,0.6549741230592294,108.66666666666667,75.33333333333333,72.0,45.0,173.0,5.7,85.67108345743796,never
99470.0,56.0,female,49.2,163.1,0.806253832004905,154.0,80.66666666666667,120.0,54.0,110.0,7.5,93.38057929023518,never
99479.0,58.0,female,42.8,146.2,0.8823529411764707,162.0,56.0,64.0,46.0,140.0,7.6,107.62724870442793,never
99484.0,51.0,female,41.7,161.8,0.8566131025957971,156.0,88.0,70.0,47.0,131.0,6.1,107.75060076297935,current
99488.0,57.0,male,24.8,168.4,0.5332541567695962,125.33333333333333,65.33333333333333,54.0,60.0,110.0,5.6,93.35844227388893,never
99489.0,51.0,male,29.1,163.7,0.6084300549786195,128.0,86.0,78.0,38.0,195.0,5.5,108.82094431217199,never
99494.0,46.0,female,28.7,157.2,0.5884223918575064,124.0,74.0,50.0,48.0,108.0,5.2,109.8952740615666,current
99495.0,43.0,female,20.3,155.8,0.44159178433889595,102.0,60.0,70.0,60.0,145.0,5.1,112.81142515181276,current
99496.0,43.0,female,25.4,151.1,0.6035737921906023,114.0,78.0,84.0,37.0,105.0,8.2,114.60902642795718,never
99497.0,56.0,female,25.7,170.9,0.5898186073727325,121.33333333333333,72.0,62.0,48.0,252.0,5.7,103.26875482875136,never
99511.0,55.0,female,32.8,152.8,0.7238219895287957,120.0,76.66666666666667,78.0,48.0,136.0,5.8,91.04208962485207,never
99531.0,55.0,female,26.1,162.1,0.6267735965453424,130.0,70.0,54.0,54.0,173.0,5.6,105.10313490189264,never
99540.0,57.0,male,28.5,162.1,0.6199876619370759,127.0,80.0,62.0,54.0,177.0,6.6,60.69811903663931,current
99541.0,43.0,male,34.9,179.8,0.6496106785317018,130.0,77.33333333333333,60.0,47.0,167.0,5.9,108.67884593806437,never
99563.0,52.0,male,29.1,178.2,0.6189674523007856,120.66666666666667,82.66666666666667,92.0,45.0,194.0,4.9,66.71435762073705,never
99568.0,52.0,female,18.8,155.8,0.49037227214377405,95.33333333333333,57.333333333333336,70.0,84.0,95.0,5.4,104.72501756198753,never
99590.0,54.0,female,35.9,164.2,0.7046285018270403,121.33333333333333,82.66666666666667,86.0,56.0,188.0,5.1,84.94845257671989,never
99596.0,48.0,male,28.4,167.0,0.6149700598802396,109.33333333333333,76.0,70.0,46.0,123.0,5.6,86.56930941372897,never
99599.0,48.0,female,27.8,180.4,0.5188470066518847,105.33333333333333,65.33333333333333,68.0,66.0,138.0,5.8,93.63206839188908,never
99600.0,55.0,female,29.4,153.0,0.6176470588235294,132.66666666666666,86.0,64.0,49.0,123.0,5.0,95.48892931036208,never
99609.0,46.0,male,42.2,182.9,0.8075451066156368,159.33333333333334,93.33333333333333,88.0,37.0,186.0,4.8,108.91580072966724,former
99618.0,46.0,male,20.4,177.3,0.4224478285391991,94.0,54.666666666666664,66.0,61.0,97.0,5.6,92.88537911132154,current
99619.0,50.0,male,29.8,159.9,0.6128830519074421,124.66666666666667,87.33333333333333,62.0,45.0,79.0,5.2,93.94154215971133,never
99624.0,45.0,male,27.2,184.5,0.5929539295392954,123.33333333333333,82.66666666666667,82.0,36.0,137.0,5.3,87.21144471347793,never
99628.0,52.0,female,21.4,162.2,0.5369913686806412,117.33333333333333,78.0,78.0,57.0,156.0,5.5,115.6806909623652,never
99631.0,40.0,male,22.4,168.1,0.5121951219512195,109.33333333333333,73.33333333333333,70.0,50.0,151.0,6.2,114.7350482312626,never
99636.0,53.0,female,49.1,157.1,0.8542329726288987,144.0,88.0,64.0,51.0,139.0,5.4,105.60748702038678,never
99653.0,53.0,male,27.4,160.6,0.6039850560398505,129.33333333333334,77.33333333333333,60.0,43.0,154.0,5.3,82.97846949788374,former
99659.0,41.0,female,24.6,158.0,0.5436708860759494,106.66666666666667,64.66666666666667,66.0,56.0,107.0,4.9,97.79838215559984,never
99661.0,48.0,female,24.7,158.3,0.5685407454200884,154.66666666666666,89.33333333333333,62.0,76.0,191.0,5.2,99.73786717214946,current
99665.0,46.0,female,30.0,152.0,0.5835526315789474,126.66666666666667,79.33333333333333,66.0,46.0,152.0,6.3,96.283370662582,never
99675.0,53.0,female,45.1,151.3,0.7468605419695967,104.0,66.66666666666667,82.0,58.0,162.0,6.3,107.69827503883357,never
99676.0,51.0,female,25.6,154.1,0.5528877352368592,103.33333333333333,69.33333333333333,68.0,63.0,97.0,5.2,108.17368069643727,never
99686.0,40.0,male,22.2,188.6,0.47454931071049844,125.33333333333333,86.0,78.0,44.0,170.0,9.5,113.46650939047531,never
99691.0,44.0,female,23.6,166.0,0.4843373493975904,116.0,70.0,78.0,81.0,100.0,5.3,109.68077731874413,never
99694.0,48.0,male,32.8,176.3,0.647192285876347,130.0,74.66666666666667,82.0,48.0,125.0,7.3,106.80773014102535,former
99711.0,58.0,female,28.0,160.7,0.6247666459240823,160.66666666666666,83.33333333333333,84.0,52.0,160.0,8.7,81.66469676678634,never
99720.0,53.0,male,25.7,176.7,0.5495189586870401,156.66666666666666,97.33333333333333,74.0,48.0,198.0,10.7,82.05734230812072,never
99724.0,56.0,male,27.4,175.5,0.5686609686609686,164.66666666666666,52.666666666666664,54.0,53.0,174.0,5.5,102.3483422610867,former
99744.0,51.0,female,22.6,172.3,0.5049332559489262,120.66666666666667,80.0,60.0,52.0,158.0,5.6,75.38583072664252,current
99759.0,50.0,male,38.2,166.1,0.7098133654425046,128.66666666666666,81.33333333333333,62.0,37.0,122.0,6.8,107.41297046721546,never
99762.0,55.0,female,28.1,170.5,0.5847507331378299,144.0,88.0,60.0,52.0,165.0,4.9,70.75591655455705,never
99763.0,54.0,female,24.1,154.6,0.5608020698576973,124.0,75.33333333333333,72.0,50.0,178.0,6.2,111.38617835081007,former
99765.0,46.0,female,26.0,160.0,0.5425,150.66666666666666,97.33333333333333,60.0,61.0,101.0,5.3,78.79351682347361,never
99766.0,49.0,male,25.2,167.7,0.5682766845557543,134.66666666666666,88.66666666666667,62.0,40.0,212.0,9.1,113.94690111539147,never
99772.0,43.0,female,51.3,161.0,0.8546583850931677,126.66666666666667,76.0,66.0,59.0,108.0,5.6,106.32715235539774,never
99782.0,53.0,female,23.6,163.2,0.5980392156862745,126.66666666666667,85.33333333333333,60.0,57.0,168.0,5.6,98.27559241352726,current
99786.0,44.0,male,30.1,181.6,0.5892070484581498,144.0,79.33333333333333,64.0,33.0,156.0,5.3,88.74992268948554,never
99811.0,48.0,female,34.1,149.8,0.7242990654205607,111.33333333333333,72.66666666666667,64.0,57.0,124.0,6.0,113.49643599580628,never
99816.0,55.0,female,41.6,152.8,0.81282722513089,131.33333333333334,75.33333333333333,68.0,72.0,88.0,5.2,85.67400410183131,never
99817.0,57.0,female,26.5,165.3,0.5626134301270417,147.33333333333334,85.33333333333333,60.0,88.0,116.0,5.5,79.85945855974425,never
99819.0,50.0,male,29.1,175.7,0.5543540125213433,106.0,75.33333333333333,58.0,49.0,129.0,5.4,96.29494657209744,never
99834.0,44.0,male,21.2,167.2,0.5023923444976077,138.0,88.0,78.0,58.0,121.0,5.4,111.08450006594455,never
99838.0,48.0,female,36.0,152.4,0.7473753280839895,178.0,99.33333333333333,100.0,39.0,159.0,5.4,77.81950603764923,never
99839.0,42.0,male,30.5,178.9,0.577976523197317,146.66666666666666,93.33333333333333,76.0,60.0,106.0,5.2,113.74802947808789,never
99842.0,47.0,male,31.4,177.6,0.5990990990990992,132.66666666666666,89.33333333333333,72.0,39.0,106.0,5.4,100.6186705123273,former
99844.0,45.0,male,39.0,176.0,0.7045454545454546,138.66666666666666,89.33333333333333,72.0,44.0,127.0,5.8,94.58755818693466,current
99856.0,54.0,male,30.8,166.9,0.5943678849610545,140.66666666666666,77.33333333333333,68.0,60.0,124.0,5.5,98.85065537476594,never
99858.0,58.0,male,41.1,182.4,0.7768640350877192,122.66666666666667,76.66666666666667,60.0,58.0,138.0,5.2,91.62108612217807,never
99881.0,55.0,female,20.4,165.8,0.4541616405307599,112.66666666666667,75.33333333333333,60.0,124.0,89.0,5.1,102.07360173472713,never
99883.0,51.0,male,29.2,169.4,0.6121605667060213,123.33333333333333,83.33333333333333,68.0,40.0,226.0,5.8,93.35910459832112,former
99893.0,41.0,female,30.4,159.0,0.6220125786163523,118.0,78.66666666666667,78.0,52.0,115.0,5.3,116.04350517984818,never
99899.0,59.0,male,31.1,174.7,0.5907269605037208,125.33333333333333,77.33333333333333,56.0,66.0,172.0,5.4,67.62912588402625,never
99905.0,45.0,male,29.8,174.2,0.5430539609644087,112.66666666666667,77.33333333333333,64.0,51.0,113.0,4.5,65.40144202212637,never
99909.0,42.0,male,27.8,175.3,0.5487735310895607,111.33333333333333,72.66666666666667,58.0,48.0,126.0,5.3,95.22508924861539,never
99926.0,54.0,female,32.5,160.6,0.6338729763387297,121.33333333333333,74.0,82.0,38.0,159.0,6.2,84.94845257671989,never
99935.0,42.0,female,31.4,170.2,0.5517038777908344,106.0,69.33333333333333,70.0,63.0,136.0,5.1,116.28650702215116,never
99937.0,54.0,female,27.5,152.3,0.6112934996717005,115.33333333333333,64.66666666666667,68.0,42.0,77.0,6.1,106.5978936710779,never
99947.0,56.0,female,33.8,163.9,0.6931055521659548,137.33333333333334,83.33333333333333,74.0,54.0,120.0,5.3,93.38057929023518,never
99959.0,48.0,male,37.9,171.9,0.6847004072134962,141.0,89.0,96.0,37.0,142.0,6.1,71.02953568956573,never
99966.0,46.0,female,23.6,153.5,0.5237785016286646,112.66666666666667,72.66666666666667,86.0,50.0,154.0,5.6,110.30666684499971,never
99984.0,54.0,female,32.3,164.9,0.6349302607640994,155.33333333333334,99.33333333333333,78.0,61.0,178.0,5.2,79.12413802678952,current
99987.0,58.0,male,33.1,161.4,0.6517967781908303,107.33333333333333,63.333333333333336,62.0,46.0,140.0,5.8,90.48880112613836,former
99994.0,48.0,female,29.0,149.5,0.631438127090301,129.0,66.0,66.0,49.0,165.0,5.8,112.02714804531053,never
99996.0,51.0,female,31.4,164.2,0.6394640682095006,138.0,73.33333333333333,56.0,72.0,77.0,6.8,76.38101882421799,current
100008.0,56.0,female,29.9,156.5,0.6460063897763578,124.66666666666667,75.33333333333333,86.0,66.0,130.0,5.6,102.15189122363,never
100012.0,51.0,male,45.1,170.2,0.827849588719154,137.33333333333334,78.66666666666667,76.0,35.0,86.0,7.6,95.69791790335044,never
100013.0,43.0,female,25.0,153.6,0.5611979166666667,119.33333333333333,86.0,66.0,38.0,166.0,5.1,117.60984390493607,never
100037.0,54.0,male,29.6,171.1,0.5902980713033315,122.0,83.33333333333333,78.0,46.0,140.0,5.4,104.77380028778039,former
100046.0,51.0,male,34.2,177.3,0.622673434856176,121.33333333333333,74.66666666666667,66.0,48.0,132.0,5.7,67.76040686210847,current
100047.0,42.0,male,26.3,173.2,0.5236720554272518,154.0,94.0,56.0,47.0,150.0,5.8,84.11537970335522,former
100055.0,47.0,female,32.4,153.1,0.6479425212279556,126.66666666666667,84.66666666666667,84.0,66.0,159.0,6.2,107.65333710785559,former
100056.0,57.0,male,36.9,189.5,0.7134564643799471,136.0,86.66666666666667,66.0,56.0,139.0,6.2,103.61646411238998,never
100061.0,55.0,female,20.7,162.1,0.49475632325724866,108.66666666666667,66.66666666666667,64.0,56.0,147.0,5.9,100.35085312598174,never
100062.0,48.0,female,28.2,147.3,0.5892735913102511,134.66666666666666,81.33333333333333,70.0,78.0,134.0,5.3,116.76427362471263,never
100099.0,45.0,male,31.4,179.1,0.5879396984924623,128.66666666666666,90.0,60.0,34.0,210.0,5.5,80.82546140589773,never
100102.0,41.0,male,32.5,171.3,0.6462346760070052,104.66666666666667,72.66666666666667,78.0,39.0,178.0,4.6,117.22082328528977,never
100105.0,50.0,female,54.5,156.8,0.9228316326530611,119.33333333333333,63.333333333333336,60.0,58.0,99.0,5.4,101.79750402635226,never
100112.0,57.0,female,20.9,155.7,0.4739884393063584,95.33333333333333,62.666666666666664,64.0,59.0,173.0,5.4,102.6284885488131,never
100115.0,47.0,female,28.4,159.6,0.5889724310776943,90.0,59.333333333333336,78.0,72.0,156.0,5.4,73.43678718763796,never
100119.0,47.0,female,44.0,162.5,0.8018461538461539,115.33333333333333,70.66666666666667,86.0,47.0,164.0,5.2,113.20792057658915,never
100123.0,57.0,male,37.2,166.0,0.7596385542168674,95.33333333333333,44.666666666666664,68.0,34.0,95.0,7.6,103.22359338357451,current
100127.0,55.0,male,33.5,169.3,0.6591848789131718,162.0,88.0,88.0,44.0,160.0,6.1,110.76738327295503,former
100128.0,47.0,male,42.1,178.1,0.720381807973049,132.0,72.66666666666667,72.0,43.0,150.0,5.7,109.43588384219085,former
100137.0,43.0,female,35.8,158.3,0.6557169930511686,120.66666666666667,76.0,54.0,43.0,114.0,5.5,108.12675263673533,never
100145.0,45.0,female,27.2,159.5,0.5630094043887147,118.0,76.66666666666667,64.0,71.0,157.0,5.5,115.63391955472184,never
100150.0,51.0,female,28.5,153.3,0.5890410958904109,146.0,97.33333333333333,76.0,46.0,201.0,5.4,107.75060076297935,never
100165.0,56.0,male,24.6,171.1,0.5464640561075395,144.0,110.66666666666667,70.0,67.0,129.0,5.6,85.25468635361791,former
100168.0,51.0,male,27.3,166.3,0.571256764882742,117.33333333333333,74.66666666666667,72.0,48.0,160.0,5.5,91.12299144245233,current
100172.0,42.0,female,31.6,162.1,0.6125848241826033,103.33333333333333,74.66666666666667,100.0,52.0,185.0,5.4,94.28360977356044,never
100178.0,40.0,female,32.0,155.8,0.6726572528883182,115.33333333333333,74.0,88.0,42.0,190.0,5.5,99.94413902371417,current
100180.0,45.0,male,33.0,187.6,0.6130063965884862,156.0,80.66666666666667,68.0,60.0,138.0,5.1,77.54889347718691,never
100191.0,42.0,female,27.2,161.8,0.5531520395550061,102.0,74.0,92.0,42.0,142.0,5.3,65.77118695393793,current
100192.0,56.0,male,34.7,164.6,0.7120291616038883,138.66666666666666,80.66666666666667,58.0,36.0,143.0,5.6,75.4809068104294,never
100200.0,43.0,female,39.5,162.7,0.7043638598647818,123.33333333333333,75.33333333333333,72.0,45.0,195.0,5.8,84.72665783442272,former
100201.0,43.0,male,27.9,171.9,0.5636998254799302,120.0,66.0,60.0,43.0,141.0,5.7,101.85156416378037,current
100212.0,58.0,male,19.6,177.6,0.4515765765765766,156.0,84.0,72.0,60.0,88.0,5.3,68.05104234657502,current
100214.0,57.0,male,52.8,167.4,0.8709677419354839,141.33333333333334,89.33333333333333,86.0,51.0,122.0,6.3,103.61646411238998,current
100216.0,42.0,female,21.2,158.0,0.46835443037974683,102.0,78.0,74.0,76.0,110.0,5.2,113.51521951279207,never
100229.0,59.0,male,34.8,153.9,0.7407407407407407,86.66666666666667,46.666666666666664,60.0,59.0,123.0,6.1,73.31325457476098,never
100238.0,58.0,male,30.5,173.5,0.6357348703170028,143.33333333333334,84.0,66.0,60.0,188.0,5.7,104.60263876859663,never
100250.0,57.0,female,26.2,172.5,0.527536231884058,140.0,84.0,74.0,57.0,174.0,5.0,88.53511363003675,former
100251.0,45.0,female,41.6,171.9,0.7114601512507271,122.0,80.0,80.0,58.0,140.0,5.5,87.27824806034513,never
100265.0,55.0,female,20.6,160.2,0.4850187265917604,120.66666666666667,78.0,68.0,61.0,166.0,5.4,106.36695635004453,never
100266.0,40.0,female,18.4,164.6,0.4410692588092345,111.33333333333333,74.0,62.0,72.0,166.0,5.4,114.93600787024052,current
100281.0,59.0,female,41.8,152.9,0.7638979725310661,131.33333333333334,52.0,82.0,38.0,143.0,5.6,104.18180805131783,never
100286.0,45.0,female,33.2,170.1,0.7054673721340389,103.33333333333333,73.33333333333333,82.0,54.0,173.0,5.8,98.41580577522144,current
100288.0,43.0,female,40.4,162.1,0.8661320172732881,121.33333333333333,66.66666666666667,92.0,51.0,137.0,5.8,116.56461939627445,never
100292.0,56.0,female,52.2,155.0,0.8083870967741935,117.33333333333333,77.33333333333333,68.0,52.0,125.0,6.2,78.14604024712308,former
100294.0,40.0,female,25.8,166.9,0.5721989215098862,104.66666666666667,76.0,76.0,50.0,104.0,4.7,118.24529426447164,never
100298.0,47.0,female,36.4,168.8,0.6492890995260663,133.0,88.0,62.0,71.0,101.0,5.3,95.686413764474,former
100305.0,48.0,male,38.8,176.2,0.6833144154370034,124.0,94.0,80.0,33.0,126.0,5.0,109.58165022341532,current
100311.0,55.0,male,32.9,166.5,0.6306306306306306,117.33333333333333,69.33333333333333,56.0,41.0,135.0,5.4,105.72896132746716,former
100318.0,41.0,male,36.5,175.5,0.7116809116809117,131.33333333333334,87.33333333333333,94.0,41.0,158.0,5.2,66.46199354457204,current
100319.0,47.0,female,43.6,165.3,0.7410768300060495,125.33333333333333,84.66666666666667,76.0,48.0,104.0,9.7,108.4191755168399,former
100324.0,46.0,female,29.1,154.1,0.5593770279039585,107.33333333333333,64.0,74.0,53.0,181.0,6.5,118.22572805561582,never
100332.0,43.0,male,24.0,169.5,0.5286135693215339,113.33333333333333,75.33333333333333,58.0,50.0,147.0,5.7,111.36909023142913,never
100338.0,45.0,male,24.1,176.8,0.5271493212669683,130.66666666666666,81.33333333333333,62.0,40.0,140.0,5.7,113.41114604781121,never
100347.0,57.0,male,27.3,175.0,0.5668571428571428,124.66666666666667,76.66666666666667,66.0,34.0,189.0,5.1,92.19268074278332,never
100348.0,49.0,female,34.8,156.1,0.6566303651505445,106.0,66.0,60.0,48.0,140.0,5.8,107.07894537353795,never
100353.0,59.0,male,17.0,170.6,0.46776084407971863,111.33333333333333,75.33333333333333,72.0,53.0,150.0,5.2,112.34529276883329,never
100361.0,57.0,male,37.1,176.4,0.6944444444444444,137.33333333333334,87.33333333333333,76.0,39.0,136.0,5.7,79.16079106526738,never
100369.0,55.0,female,28.2,147.2,0.6114130434782609,162.66666666666666,86.66666666666667,62.0,69.0,194.0,5.6,102.78918416545584,never
100376.0,49.0,male,26.8,178.0,0.46629213483146065,125.33333333333333,88.0,74.0,51.0,140.0,5.7,67.34385309196786,never
100377.0,47.0,male,26.9,160.9,0.5724052206339341,110.66666666666667,78.66666666666667,72.0,48.0,197.0,5.5,110.69032318528815,never
100378.0,44.0,female,53.2,148.1,0.8264686022957461,117.33333333333333,67.33333333333333,76.0,46.0,196.0,6.2,116.3553225545601,former
100382.0,45.0,male,48.5,170.9,0.756582796957285,115.33333333333333,62.666666666666664,74.0,29.0,102.0,10.0,113.41114604781121,current
100388.0,56.0,female,42.5,150.5,0.7813953488372093,128.0,76.66666666666667,68.0,54.0,133.0,6.4,87.73594743984256,former
100389.0,55.0,female,31.1,159.2,0.6683417085427137,221.33333333333334,124.66666666666667,54.0,50.0,196.0,5.9,64.96970297906948,current
100393.0,52.0,male,34.9,173.8,0.663981588032221,124.66666666666667,66.66666666666667,80.0,27.0,223.0,6.7,104.92641704760922,former
100402.0,51.0,female,28.9,155.0,0.6806451612903226,126.0,86.66666666666667,90.0,35.0,188.0,8.0,68.2079689795163,never
100407.0,55.0,male,27.9,174.4,0.5688073394495413,108.0,63.333333333333336,56.0,35.0,114.0,5.5,69.33265073283522,never
100410.0,58.0,female,32.2,165.5,0.6435045317220544,128.0,77.33333333333333,70.0,35.0,131.0,6.1,106.18217966382566,never
100415.0,49.0,female,28.1,159.4,0.5865746549560853,127.33333333333333,69.33333333333333,82.0,72.0,152.0,5.4,100.75107781304223,never
100419.0,40.0,male,38.4,172.7,0.7180081065431384,119.33333333333333,80.66666666666667,76.0,48.0,154.0,5.7,73.24442719036647,never
100421.0,50.0,female,22.7,159.4,0.5313676286072773,114.66666666666667,73.33333333333333,58.0,71.0,139.0,5.5,107.5963976432085,never
100436.0,48.0,female,50.3,149.7,0.8376753507014029,117.33333333333333,80.0,76.0,48.0,117.0,5.0,108.94310436439523,former
100447.0,50.0,male,27.9,181.6,0.5704845814977973,139.33333333333334,80.66666666666667,84.0,38.0,91.0,7.3,105.1197667153452,never
100451.0,40.0,female,24.2,155.9,0.5182809493264913,130.66666666666666,87.33333333333333,64.0,70.0,92.0,5.3,116.29545162194965,never
100460.0,55.0,male,25.7,188.2,0.5255047821466525,118.0,78.0,74.0,47.0,158.0,7.1,102.61944208753508,never
100468.0,52.0,female,33.4,157.7,0.6258719086873812,131.33333333333334,79.33333333333333,82.0,49.0,120.0,6.0,87.2875065311137,current
100481.0,59.0,female,28.5,162.0,0.6061728395061728,130.66666666666666,76.0,74.0,44.0,167.0,5.5,90.20918233057064,never
100483.0,51.0,female,33.9,158.9,0.6526117054751416,130.66666666666666,84.0,64.0,47.0,208.0,6.6,115.18886887893349,never
100492.0,55.0,male,31.6,183.1,0.5996723102129984,119.33333333333333,89.33333333333333,78.0,39.0,217.0,6.7,53.778865059071784,current
100499.0,52.0,female,51.3,155.0,0.9632258064516129,145.0,75.0,86.0,61.0,122.0,5.4,107.50300387611935,former
100505.0,57.0,female,28.7,148.7,0.6045729657027573,103.33333333333333,62.666666666666664,60.0,54.0,163.0,5.5,91.33826578334742,never
100513.0,56.0,male,23.5,179.6,0.5133630289532294,143.33333333333334,62.0,68.0,90.0,74.0,5.6,101.98320154659235,current
100521.0,58.0,male,29.0,183.7,0.5612411540555253,110.0,69.33333333333333,58.0,40.0,124.0,6.3,99.3334135288831,former
100528.0,47.0,female,47.7,167.4,0.8912783751493428,132.0,87.33333333333333,80.0,55.0,158.0,5.5,108.0327620674876,former
100532.0,46.0,female,34.2,162.8,0.7039312039312039,154.66666666666666,74.0,56.0,36.0,111.0,6.2,109.8952740615666,never
100535.0,56.0,female,27.8,156.5,0.5718849840255591,161.33333333333334,93.33333333333333,62.0,64.0,114.0,6.4,89.0874558563461,never
100557.0,52.0,male,26.0,171.9,0.537521815008726,106.66666666666667,73.33333333333333,70.0,39.0,175.0,6.3,87.40218530148034,never
100563.0,45.0,female,41.6,166.8,0.7032374100719424,146.66666666666666,95.33333333333333,72.0,58.0,157.0,6.2,77.24344327801293,never
100568.0,46.0,male,33.8,171.8,0.6641443538998835,118.66666666666667,78.66666666666667,90.0,42.0,221.0,11.4,116.09286830446273,never
100572.0,41.0,male,38.1,180.0,0.71,150.66666666666666,102.66666666666667,98.0,33.0,194.0,6.0,103.12636693624476,current
100574.0,53.0,female,38.5,156.9,0.6749521988527725,135.33333333333334,62.0,78.0,48.0,159.0,6.4,108.14288112235046,never
100575.0,50.0,female,25.8,152.2,0.6222076215505914,137.33333333333334,91.33333333333333,72.0,37.0,163.0,6.3,91.07173614677602,never
100579.0,59.0,male,34.1,164.0,0.6640243902439025,142.0,94.0,72.0,92.0,134.0,5.6,58.90674208751738,former
100594.0,59.0,male,15.7,171.3,0.4220665499124343,145.33333333333334,90.0,80.0,60.0,60.0,5.1,114.16174596624481,current
100599.0,54.0,male,29.3,166.8,0.6247002398081535,114.66666666666667,72.66666666666667,76.0,62.0,135.0,10.3,95.11666607797187,never
100610.0,41.0,female,21.7,167.9,0.4734961286480047,132.0,84.66666666666667,68.0,54.0,188.0,5.0,102.51128502382936,never
100611.0,43.0,male,26.7,177.0,0.5112994350282486,114.66666666666667,70.0,78.0,46.0,215.0,5.3,112.61418023534857,never
100621.0,40.0,male,27.8,181.8,0.5462046204620462,132.0,74.66666666666667,84.0,54.0,163.0,6.0,122.16011838109496,current
100622.0,43.0,male,17.4,184.6,0.42091007583965334,116.0,85.33333333333333,88.0,54.0,92.0,4.7,82.70692935235138,current
100625.0,54.0,female,33.5,149.9,0.6651100733822548,122.0,72.66666666666667,70.0,48.0,141.0,6.2,110.85586171453662,never
100627.0,43.0,female,19.5,147.1,0.4670292318150918,90.66666666666667,55.333333333333336,70.0,50.0,127.0,5.4,84.72665783442272,current
100636.0,46.0,male,32.5,192.8,0.6467842323651452,110.0,70.66666666666667,82.0,35.0,127.0,7.5,108.52722977268286,never
100638.0,42.0,male,23.8,176.7,0.5398981324278439,114.66666666666667,72.0,66.0,41.0,173.0,5.5,62.21599433394117,former
100649.0,43.0,male,26.9,172.3,0.6070806732443412,137.33333333333334,86.0,62.0,35.0,95.0,5.4,92.43391752955695,never
100670.0,41.0,male,28.6,164.8,0.5867718446601942,152.66666666666666,107.33333333333333,72.0,33.0,152.0,5.4,85.55599963629936,former
100677.0,56.0,female,25.8,167.5,0.5474626865671642,137.33333333333334,94.66666666666667,66.0,93.0,149.0,5.6,98.06885034418413,never
100681.0,56.0,female,28.0,160.6,0.6058530510585305,147.33333333333334,98.0,74.0,56.0,120.0,5.7,83.89835718328561,never
100693.0,49.0,female,36.2,163.7,0.7220525351252292,142.66666666666666,76.0,94.0,68.0,123.0,8.0,87.63155336584184,never
100698.0,48.0,female,22.7,163.7,0.4886988393402566,106.66666666666667,72.66666666666667,60.0,50.0,119.0,5.1,108.94310436439523,never
100705.0,56.0,female,35.7,161.9,0.7288449660284125,136.66666666666666,77.33333333333333,54.0,42.0,177.0,5.4,104.86162154775201,former
100715.0,51.0,female,33.4,163.3,0.6019595835884873,117.33333333333333,76.0,84.0,55.0,147.0,5.6,74.41415927977906,current
100717.0,49.0,female,42.3,168.5,0.7798219584569733,174.0,115.33333333333333,82.0,44.0,110.0,6.2,78.36932779069296,current
100720.0,59.0,male,22.7,185.0,0.5043243243243243,109.33333333333333,62.0,78.0,35.0,118.0,5.9,95.82404839070396,current
100733.0,44.0,female,33.6,160.8,0.6996268656716418,131.33333333333334,82.66666666666667,70.0,44.0,145.0,6.2,118.53357404019758,never
100743.0,52.0,female,27.7,167.4,0.5716845878136201,138.66666666666666,94.0,72.0,61.0,179.0,5.9,97.28727667403513,never
100747.0,55.0,female,30.9,158.2,0.6042983565107459,104.66666666666667,68.0,66.0,56.0,186.0,5.3,93.96315082535236,never
100752.0,42.0,male,19.3,174.5,0.4510028653295129,108.0,72.66666666666667,90.0,59.0,167.0,5.3,102.48698346124004,never
100754.0,54.0,male,30.0,189.6,0.5812236286919832,113.33333333333333,62.666666666666664,60.0,54.0,167.0,5.4,104.00484915397482,current
100765.0,48.0,female,23.6,154.6,0.536869340232859,118.0,80.66666666666667,66.0,48.0,126.0,5.8,96.59659764328217,never
100772.0,45.0,female,31.0,166.0,0.6204819277108434,99.33333333333333,64.66666666666667,60.0,67.0,125.0,5.2,88.54161769720791,never
100780.0,54.0,male,28.5,182.1,0.585941790225151,120.66666666666667,74.66666666666667,88.0,67.0,118.0,5.7,103.62936284769019,current
100802.0,51.0,female,37.5,156.5,0.7175718849840256,116.66666666666667,64.66666666666667,70.0,33.0,114.0,9.7,106.1392486442389,never
100816.0,43.0,female,32.0,170.8,0.6463700234192037,132.66666666666666,71.33333333333333,86.0,45.0,146.0,7.0,109.98299208932114,current
100829.0,43.0,male,30.9,178.0,0.6421348314606742,118.66666666666667,75.33333333333333,58.0,40.0,155.0,6.0,109.04618437844775,never
100841.0,41.0,female,21.9,160.9,0.4996892479801119,108.0,74.0,64.0,86.0,150.0,5.4,112.14025139426158,former
100866.0,46.0,male,39.1,181.0,0.6994475138121546,118.0,76.66666666666667,48.0,56.0,127.0,5.5,87.6528351951641,never
100874.0,55.0,male,22.5,164.9,0.4730139478471801,125.33333333333333,80.0,74.0,53.0,132.0,5.9,100.86324282087661,never
100880.0,46.0,male,29.1,185.3,0.6125202374527793,104.66666666666667,65.33333333333333,58.0,32.0,176.0,5.9,80.32434354518116,current
100895.0,58.0,female,25.7,156.9,0.567240280433397,140.66666666666666,85.33333333333333,72.0,44.0,98.0,5.9,90.77196853549066,never
100898.0,42.0,female,28.3,156.6,0.6066411238825032,108.66666666666667,78.0,78.0,57.0,202.0,5.3,111.84360017157344,never
100902.0,52.0,female,23.6,154.8,0.5678294573643411,123.33333333333333,81.33333333333333,90.0,46.0,164.0,5.4,98.88870236821016,former
100907.0,41.0,male,32.3,176.2,0.6282633371169126,124.66666666666667,78.0,60.0,47.0,150.0,5.3,98.14672466577782,former
100924.0,40.0,female,44.9,168.3,0.6868686868686867,94.0,66.0,62.0,35.0,157.0,4.7,103.15082010850207,current
100925.0,45.0,female,26.2,168.4,0.5570071258907363,120.0,75.33333333333333,84.0,84.0,148.0,5.5,62.46742280453765,current
100929.0,40.0,female,35.9,172.8,0.642361111111111,125.33333333333333,90.66666666666667,68.0,88.0,104.0,5.3,91.33820877223613,never
100930.0,59.0,female,29.5,162.6,0.6519065190651907,147.33333333333334,79.33333333333333,70.0,38.0,215.0,7.8,100.622246511767,never
100937.0,55.0,male,27.2,181.9,0.5387575590984057,114.0,76.0,66.0,45.0,209.0,5.7,86.79680361628036,never
100949.0,51.0,female,36.3,163.8,0.6520146520146519,140.66666666666666,98.0,90.0,75.0,113.0,5.4,79.51625379717913,never
100954.0,47.0,male,32.6,173.5,0.669164265129683,110.66666666666667,74.0,80.0,47.0,137.0,5.7,101.91836798194,never
100972.0,57.0,male,30.5,178.2,0.5897867564534232,126.0,74.66666666666667,70.0,62.0,182.0,5.6,58.623032502197006,former
100983.0,42.0,female,30.2,154.5,0.6245954692556634,103.33333333333333,70.0,82.0,52.0,138.0,5.7,111.44498183561716,never
100986.0,50.0,female,27.1,163.1,0.5610055180870632,130.0,87.33333333333333,70.0,57.0,149.0,5.9,110.17954093800603,never
100996.0,52.0,male,29.9,184.3,0.5930548019533369,125.33333333333333,84.66666666666667,70.0,41.0,161.0,5.5,90.55802889550912,current
101007.0,43.0,female,31.1,159.1,0.627906976744186,119.33333333333333,72.0,98.0,41.0,200.0,5.8,92.31263671757385,current
101013.0,44.0,female,31.5,166.7,0.6304739052189562,124.0,82.66666666666667,82.0,80.0,127.0,5.5,97.48848036188426,never
101014.0,42.0,female,20.4,170.0,0.46176470588235297,103.33333333333333,64.0,100.0,49.0,133.0,5.3,112.24967112652445,current
101019.0,49.0,male,32.6,184.7,0.60530590146183,108.0,74.0,78.0,38.0,140.0,10.4,96.89569991154904,never
101023.0,52.0,male,25.2,175.1,0.5396916047972588,110.0,74.66666666666667,56.0,59.0,119.0,4.9,90.55802889550912,former
101024.0,53.0,male,25.1,172.6,0.563151796060255,116.0,76.0,74.0,47.0,135.0,5.1,74.54232240826217,never
101028.0,59.0,female,24.3,159.1,0.518541797611565,136.66666666666666,71.33333333333333,62.0,68.0,231.0,5.7,96.25605565505104,never
101034.0,46.0,female,32.1,150.1,0.6995336442371752,106.0,74.0,62.0,57.0,129.0,4.9,79.84526091763327,never
101037.0,41.0,female,44.4,155.1,0.787878787878788,114.66666666666667,76.0,82.0,66.0,140.0,5.6,107.65797284621458,never
101049.0,57.0,female,47.3,150.8,0.8852785145888593,126.66666666666667,66.66666666666667,68.0,53.0,98.0,7.2,101.88166279936107,never
101051.0,57.0,male,26.4,177.1,0.536420101637493,120.0,80.0,98.0,38.0,180.0,9.3,107.93933153708396,never
101052.0,49.0,female,39.0,167.2,0.7123205741626795,112.0,54.0,108.0,47.0,158.0,6.1,93.05154956785937,never
101065.0,44.0,female,23.9,172.6,0.5115874855156431,98.0,62.0,70.0,64.0,188.0,5.4,86.58436177747099,former
101068.0,55.0,female,19.7,154.8,0.4295865633074935,105.33333333333333,65.33333333333333,72.0,62.0,113.0,5.6,92.4814811616156,never
101079.0,51.0,female,19.3,155.0,0.5032258064516129,152.0,94.0,78.0,69.0,133.0,5.5,109.95633536317422,former
101084.0,46.0,female,22.9,171.4,0.48424737456242706,106.0,75.33333333333333,70.0,43.0,140.0,5.0,113.91418854557168,never
101087.0,51.0,female,18.7,159.7,0.45961177207263626,173.33333333333334,118.66666666666667,82.0,59.0,131.0,6.7,114.03780308635295,current
101091.0,58.0,female,37.8,161.8,0.7224969097651421,176.0,94.66666666666667,66.0,34.0,259.0,5.4,67.73326075563659,never
101095.0,56.0,female,17.7,162.9,0.45488029465930013,107.33333333333333,74.66666666666667,64.0,54.0,113.0,5.3,105.70748122067425,never
101096.0,56.0,female,33.3,156.0,0.6403846153846154,123.33333333333333,64.66666666666667,74.0,69.0,130.0,5.8,96.45897611412741,never
101103.0,53.0,female,31.8,157.9,0.6789107029765674,135.33333333333334,74.66666666666667,86.0,46.0,101.0,7.9,64.26774997466516,never
101106.0,49.0,female,39.3,166.3,0.6758869512928443,126.0,87.33333333333333,72.0,64.0,176.0,5.7,86.36612254006826,current
101107.0,44.0,female,27.6,158.0,0.620253164556962,112.66666666666667,62.666666666666664,78.0,62.0,102.0,5.5,119.70547446048761,never
101108.0,59.0,female,22.7,151.9,0.5497037524687294,93.33333333333333,60.0,74.0,54.0,147.0,5.2,90.20918233057064,former
101123.0,59.0,female,17.5,168.4,0.4483372921615202,140.0,78.66666666666667,92.0,45.0,129.0,5.5,101.73928073075957,former
101141.0,54.0,male,33.9,178.2,0.6498316498316499,130.0,89.33333333333333,64.0,37.0,184.0,5.3,101.49249629792372,never
101149.0,59.0,male,40.6,169.5,0.7728613569321534,135.33333333333334,79.33333333333333,84.0,36.0,114.0,5.5,107.55622326504223,never
101153.0,42.0,male,38.5,188.3,0.5974508762612851,112.66666666666667,56.0,58.0,42.0,101.0,6.0,69.06345797239882,never
101155.0,52.0,female,29.9,158.8,0.6183879093198992,134.66666666666666,86.66666666666667,74.0,45.0,119.0,5.4,89.94594741609347,current
101160.0,49.0,female,28.7,151.4,0.582562747688243,107.33333333333333,66.0,70.0,50.0,191.0,5.2,107.86386889590537,never
101169.0,58.0,female,27.9,157.6,0.5958121827411168,148.0,70.66666666666667,70.0,73.0,159.0,5.5,90.77196853549066,current
101171.0,47.0,female,24.8,159.5,0.5799373040752351,107.33333333333333,69.33333333333333,88.0,50.0,107.0,5.2,114.72013336540064,former
101175.0,55.0,male,30.3,172.3,0.6244921648287869,155.33333333333334,101.33333333333333,88.0,58.0,130.0,5.5,79.27800559870124,former
101181.0,50.0,female,25.2,156.7,0.5232929164007658,102.66666666666667,72.66666666666667,62.0,44.0,131.0,5.0,74.878405393217,never
101182.0,58.0,male,28.8,173.1,0.5701906412478337,134.0,78.0,58.0,72.0,143.0,8.0,78.66999416066271,never
101185.0,57.0,female,28.5,156.7,0.6266751754945756,125.33333333333333,80.66666666666667,78.0,88.0,102.0,6.8,101.16200329105925,never
101194.0,48.0,female,32.4,168.3,0.6464646464646464,107.33333333333333,69.33333333333333,60.0,63.0,96.0,5.0,82.13249906667667,never
101201.0,55.0,male,26.2,168.6,0.5871886120996441,140.0,94.66666666666667,60.0,24.0,137.0,8.7,67.35646463287645,never
101216.0,55.0,female,39.6,164.6,0.741190765492102,126.66666666666667,66.0,60.0,52.0,131.0,6.3,82.01550137431121,current
101221.0,54.0,male,37.9,178.6,0.6825307950727884,153.33333333333334,86.0,84.0,49.0,110.0,4.9,47.31362682627984,never
101222.0,48.0,male,34.1,167.9,0.6748064324002382,122.66666666666667,92.66666666666667,94.0,36.0,136.0,5.7,103.96360262323803,never
101226.0,44.0,male,29.7,167.7,0.5963029218843173,130.0,84.0,64.0,36.0,180.0,5.4,112.77495909357644,current
101230.0,50.0,female,30.6,159.0,0.6742138364779875,129.33333333333334,78.0,62.0,76.0,84.0,5.5,100.12642113060136,current
101242.0,57.0,female,27.5,153.8,0.6339401820546163,131.33333333333334,70.66666666666667,74.0,68.0,222.0,5.6,92.80161969863572,current
101246.0,54.0,male,31.1,175.5,0.6022792022792023,150.66666666666666,74.66666666666667,102.0,44.0,141.0,9.1,73.32744233685125,former
101253.0,57.0,male,31.0,175.3,0.6377638334284084,166.0,104.0,62.0,43.0,131.0,5.7,89.93953382933316,former
101265.0,47.0,female,26.1,161.7,0.5454545454545455,150.0,101.33333333333333,80.0,41.0,201.0,6.2,91.39683648165493,former
101278.0,44.0,male,29.5,182.8,0.5826039387308534,116.66666666666667,65.33333333333333,58.0,48.0,194.0,5.8,83.97450397055198,never
101283.0,56.0,female,42.1,158.8,0.7732997481108311,109.33333333333333,76.0,82.0,67.0,146.0,6.2,85.14282527639995,never
101286.0,52.0,female,38.3,161.4,0.798636926889715,115.33333333333333,72.0,62.0,53.0,140.0,5.5,70.30853181505444,former
101307.0,47.0,female,42.8,170.3,0.7915443335290664,154.0,109.33333333333333,92.0,65.0,156.0,6.1,110.89849120736291,never
101322.0,57.0,male,31.6,163.8,0.6422466422466422,130.0,76.0,76.0,23.0,207.0,7.0,80.04116781931086,current
101327.0,52.0,female,26.1,174.1,0.55944859276278,123.33333333333333,85.33333333333333,78.0,52.0,183.0,5.2,94.22318911704791,never
101342.0,41.0,female,56.9,167.7,0.8861061419200954,116.66666666666667,69.33333333333333,88.0,51.0,104.0,5.2,112.94996088400528,current
101350.0,46.0,male,41.7,169.2,0.7777777777777778,132.66666666666666,75.33333333333333,66.0,52.0,158.0,5.9,110.11861928173762,current
101355.0,46.0,male,28.0,182.0,0.5714285714285714,143.33333333333334,78.66666666666667,74.0,39.0,186.0,4.7,91.79368410094573,never
101356.0,54.0,female,19.5,165.6,0.43780193236714976,123.33333333333333,72.0,78.0,71.0,135.0,5.6,80.22947559472446,former
101359.0,52.0,female,31.3,155.5,0.572347266881029,102.66666666666667,67.33333333333333,74.0,45.0,127.0,5.3,88.5984503448326,never
101360.0,46.0,male,29.1,171.5,0.5778425655976676,143.33333333333334,98.0,74.0,40.0,158.0,5.4,94.00111532617566,never
101366.0,52.0,female,23.5,163.8,0.49267399267399264,164.66666666666666,95.33333333333333,64.0,46.0,175.0,6.1,110.21930841362385,never
101375.0,53.0,male,26.2,166.6,0.5702280912364946,116.66666666666667,66.66666666666667,70.0,35.0,190.0,6.1,99.46735296313739,never
101379.0,55.0,male,21.2,168.2,0.4429250891795482,111.33333333333333,71.33333333333333,54.0,56.0,138.0,5.3,86.79680361628036,current
101389.0,42.0,male,34.5,164.1,0.7160268129189519,122.66666666666667,95.33333333333333,94.0,34.0,210.0,6.6,101.20723435823274,former
101390.0,40.0,male,33.9,181.4,0.6229327453142227,114.66666666666667,76.66666666666667,80.0,48.0,151.0,5.6,98.75903065584406,former
101399.0,41.0,male,24.8,181.7,0.523390203632361,116.0,56.666666666666664,74.0,66.0,128.0,5.2,112.76301703225437,former
101400.0,53.0,male,28.6,169.2,0.5856973995271868,130.0,75.33333333333333,68.0,39.0,123.0,5.6,92.2050404252827,former
101401.0,52.0,male,20.8,168.9,0.4760213143872114,125.33333333333333,84.66666666666667,84.0,55.0,177.0,5.6,104.92641704760922,former
101405.0,56.0,female,33.9,158.1,0.6129032258064516,134.0,72.0,70.0,72.0,174.0,6.1,102.88947968710006,never
101411.0,59.0,female,40.1,164.9,0.7246816252274105,129.33333333333334,73.33333333333333,54.0,50.0,173.0,5.7,77.77301144441587,former
101416.0,44.0,male,24.0,181.2,0.5281456953642385,118.0,76.0,70.0,48.0,121.0,4.8,101.22008446596493,never
101426.0,41.0,female,44.3,168.0,0.7125,130.66666666666666,76.0,70.0,79.0,66.0,5.7,102.51128502382936,never
101430.0,42.0,female,21.5,162.0,0.44197530864197526,100.0,70.0,64.0,96.0,104.0,5.5,103.52997816741295,never
101438.0,48.0,female,27.3,162.2,0.5376078914919853,114.0,69.33333333333333,70.0,53.0,121.0,5.4,109.35736765515784,never
101443.0,59.0,male,35.8,177.0,0.6638418079096046,148.0,84.0,64.0,38.0,157.0,6.1,68.97273752998909,never
101448.0,49.0,male,26.5,177.7,0.574001125492403,124.66666666666667,66.0,50.0,36.0,150.0,5.8,91.16840046458344,current
101449.0,59.0,female,38.9,175.7,0.6545247581104155,144.66666666666666,81.33333333333333,70.0,53.0,144.0,6.1,97.88520137183167,never
101454.0,55.0,female,27.6,162.3,0.674060382008626,122.66666666666667,80.0,66.0,42.0,193.0,6.1,83.20269172804909,current
101461.0,59.0,female,39.8,144.2,0.8606102635228849,122.0,69.33333333333333,64.0,38.0,115.0,7.7,68.15560502283054,never
101464.0,50.0,female,20.6,156.0,0.44038461538461543,116.66666666666667,67.33333333333333,54.0,93.0,170.0,5.2,93.91765822093848,never
101470.0,57.0,female,32.1,177.2,0.7206546275395035,137.33333333333334,84.0,52.0,43.0,131.0,5.6,99.11036003401374,never
101472.0,51.0,female,28.9,150.7,0.6005308560053086,120.66666666666667,74.66666666666667,76.0,58.0,163.0,5.5,106.53050320871651,never
101484.0,49.0,male,27.6,179.0,0.5569832402234637,124.66666666666667,80.66666666666667,82.0,48.0,176.0,5.1,96.89569991154904,never
101489.0,51.0,female,21.7,146.5,0.5604095563139931,110.0,74.0,74.0,76.0,82.0,7.3,112.41630116614222,never
101515.0,51.0,male,31.0,180.7,0.6059767570558938,101.33333333333333,71.33333333333333,66.0,29.0,337.0,5.4,64.71515555740011,never
101520.0,52.0,male,31.7,175.0,0.6,150.66666666666666,95.33333333333333,68.0,42.0,198.0,5.8,101.40918448736092,former
101530.0,51.0,male,32.0,172.9,0.6396761133603238,110.0,60.666666666666664,68.0,48.0,178.0,5.4,100.71231427883406,never
101542.0,48.0,male,25.5,167.0,0.5538922155688623,154.66666666666666,88.0,66.0,41.0,210.0,6.4,97.50020115873319,never
101544.0,44.0,female,27.0,162.5,0.5230769230769231,150.0,90.66666666666667,56.0,70.0,85.0,5.0,87.82274910479485,never
101547.0,42.0,female,48.9,160.2,0.8021223470661674,125.33333333333333,81.33333333333333,68.0,43.0,154.0,5.7,112.24967112652445,never
101549.0,43.0,female,25.4,159.1,0.5248271527341295,126.0,80.0,68.0,36.0,95.0,4.7,111.96493677342299,never
101550.0,53.0,male,34.8,180.9,0.6229961304588171,115.33333333333333,76.66666666666667,58.0,51.0,158.0,5.8,68.19951705492188,never
101558.0,54.0,male,26.0,157.9,0.6079797340088664,114.0,67.33333333333333,74.0,38.0,164.0,5.4,105.97479919775712,current
101584.0,55.0,female,28.9,156.9,0.6647546207775653,106.66666666666667,68.0,58.0,64.0,142.0,4.9,103.15684229479876,never
101593.0,49.0,female,34.0,147.5,0.6861016949152543,116.66666666666667,67.33333333333333,102.0,41.0,107.0,5.0,109.52761285439362,never
101594.0,43.0,female,28.0,163.0,0.5674846625766872,119.33333333333333,70.0,90.0,68.0,140.0,4.8,101.2440856233302,never
101596.0,44.0,female,23.8,150.3,0.5349301397205589,117.33333333333333,80.0,72.0,57.0,62.0,5.2,107.45636677038758,never
101606.0,58.0,male,25.5,173.5,0.555043227665706,90.0,58.0,54.0,69.0,113.0,5.5,98.99879401503546,former
101613.0,53.0,male,30.0,175.5,0.6393162393162394,154.0,90.66666666666667,64.0,41.0,186.0,10.2,105.42745048076111,former
101616.0,56.0,male,24.3,176.4,0.518140589569161,139.33333333333334,86.66666666666667,76.0,60.0,119.0,5.5,70.27170424370331,current
101626.0,55.0,female,22.1,163.1,0.542611894543225,103.33333333333333,77.33333333333333,76.0,72.0,138.0,5.4,102.07360173472713,former
101638.0,58.0,male,28.3,174.7,0.5380652547223813,124.0,82.0,62.0,72.0,183.0,5.1,100.72253008168205,never
101640.0,55.0,female,32.1,171.8,0.6717112922002328,130.0,69.33333333333333,84.0,41.0,166.0,6.7,86.96071522622101,former
101642.0,53.0,female,57.3,164.2,0.9238733252131547,133.33333333333334,61.333333333333336,58.0,61.0,100.0,6.9,60.74650623993969,never
101647.0,58.0,female,23.6,161.3,0.5300681959082455,160.66666666666666,86.0,60.0,41.0,202.0,5.6,98.49587580180284,never
101662.0,58.0,male,29.9,178.8,0.5805369127516778,129.33333333333334,80.0,72.0,51.0,91.0,5.5,66.74656184593023,never
101664.0,47.0,female,27.6,166.3,0.6175586289837642,121.33333333333333,72.0,74.0,71.0,119.0,5.9,82.6448974307473,current
101675.0,55.0,female,30.6,151.7,0.6895187870797627,122.0,74.0,76.0,61.0,118.0,5.8,109.15197103463315,never
101676.0,55.0,male,24.7,168.2,0.5600475624256838,150.0,85.33333333333333,56.0,88.0,132.0,5.3,106.57262503843263,never
101682.0,45.0,female,45.4,155.0,0.7464516129032258,114.66666666666667,79.33333333333333,86.0,59.0,180.0,5.4,88.54161769720791,former
101695.0,45.0,female,42.4,171.5,0.7743440233236152,114.0,42.0,70.0,51.0,163.0,5.5,113.1922800712264,current
101698.0,57.0,female,21.4,157.2,0.5152671755725191,120.0,72.0,70.0,89.0,125.0,5.7,95.86093046221983,current
101711.0,43.0,male,35.5,171.6,0.6858974358974359,114.0,70.66666666666667,82.0,45.0,192.0,5.5,111.77752069424889,never
101725.0,59.0,female,20.6,152.3,0.4977019041365725,126.66666666666667,52.666666666666664,74.0,90.0,97.0,5.4,83.56896710495053,never
101731.0,46.0,male,26.4,174.9,0.5631789594053744,104.0,54.666666666666664,46.0,41.0,218.0,5.4,112.7079969423148,former
101740.0,59.0,female,25.0,168.3,0.570409982174688,92.66666666666667,48.666666666666664,66.0,72.0,193.0,5.7,70.80232492758533,current
101761.0,44.0,male,35.4,188.5,0.6795755968169761,138.0,88.0,90.0,45.0,70.0,6.4,111.91597231788941,former
101763.0,54.0,female,28.0,158.1,0.6211258697027199,126.0,71.33333333333333,64.0,59.0,127.0,6.3,107.92380148433976,current
101764.0,49.0,male,30.5,157.7,0.6296766011414078,111.33333333333333,71.33333333333333,70.0,56.0,150.0,5.7,6.068165710691788,former
101766.0,55.0,female,28.3,145.8,0.6872427983539094,133.33333333333334,78.66666666666667,76.0,48.0,84.0,7.2,95.48892931036208,never
101779.0,55.0,female,29.5,155.7,0.6281310211946051,123.33333333333333,72.0,66.0,52.0,212.0,5.5,100.35085312598174,former
101781.0,55.0,male,31.1,168.7,0.6425607587433314,125.33333333333333,84.0,72.0,41.0,152.0,5.1,78.42172006692384,never
101783.0,51.0,male,30.7,182.9,0.6096227446692182,126.66666666666667,68.0,70.0,41.0,74.0,4.9,109.70090635637733,current
101786.0,53.0,male,35.0,180.5,0.7080332409972299,106.0,67.33333333333333,78.0,35.0,105.0,5.7,100.7804475435393,current
101793.0,57.0,male,27.1,175.4,0.5592930444697833,130.0,90.0,64.0,49.0,172.0,5.5,100.99354512840317,never
101795.0,40.0,female,26.7,153.8,0.6144343302990897,95.33333333333333,75.33333333333333,78.0,37.0,113.0,4.7,115.38006618419608,never
101802.0,57.0,female,20.4,171.0,0.4783625730994152,101.33333333333333,57.333333333333336,66.0,104.0,122.0,5.3,101.5185494980435,former
101821.0,53.0,female,20.4,162.6,0.49384993849938497,128.0,56.666666666666664,58.0,57.0,198.0,6.7,104.82720195376822,never
101822.0,40.0,male,29.6,171.7,0.584740827023879,120.66666666666667,71.33333333333333,82.0,37.0,143.0,5.5,106.45339435261532,current
101830.0,45.0,female,36.5,164.9,0.624620982413584,124.0,73.33333333333333,76.0,41.0,119.0,5.6,96.88405178364057,never
101832.0,59.0,female,30.1,167.6,0.581145584725537,118.0,70.0,84.0,78.0,148.0,5.3,86.11415561698738,never
101846.0,51.0,male,23.1,177.8,0.5061867266591675,138.0,90.0,60.0,56.0,130.0,4.9,81.27495662736007,former
101848.0,56.0,female,19.0,160.5,0.44922118380062304,94.66666666666667,56.0,96.0,48.0,107.0,5.8,64.56689082059926,current
101851.0,40.0,male,27.3,152.9,0.5958142576847613,143.33333333333334,93.33333333333333,78.0,29.0,189.0,5.6,112.65351914476398,former
101861.0,49.0,female,26.4,160.8,0.5354477611940298,92.66666666666667,56.666666666666664,78.0,76.0,95.0,5.4,104.16627032220356,former
101865.0,53.0,female,25.5,180.0,0.5483333333333333,138.0,86.66666666666667,80.0,78.0,103.0,6.0,75.43683027716128,current
101866.0,52.0,male,32.4,174.6,0.6128293241695304,134.66666666666666,91.33333333333333,64.0,36.0,176.0,6.4,54.3622275401396,current
101875.0,49.0,female,28.6,151.5,0.6000000000000001,106.0,58.0,56.0,69.0,252.0,5.6,108.67935197569587,never
101879.0,56.0,female,24.3,168.0,0.5059523809523809,128.66666666666666,82.66666666666667,80.0,75.0,108.0,5.0,102.517269872571,never
101882.0,52.0,female,27.3,162.0,0.5592592592592592,132.66666666666666,80.0,66.0,57.0,138.0,5.6,69.44849190941933,never
101885.0,43.0,female,21.2,172.5,0.46608695652173915,98.0,65.33333333333333,58.0,69.0,120.0,5.4,99.64760563108645,never
101894.0,46.0,female,21.4,168.3,0.522875816993464,102.0,77.33333333333333,88.0,178.0,73.0,4.9,112.9548775014288,current
101920.0,48.0,male,31.2,154.4,0.6813471502590673,126.0,90.0,72.0,45.0,186.0,5.8,103.96360262323803,never
101922.0,55.0,male,23.7,164.3,0.4923919659160073,128.0,79.33333333333333,60.0,46.0,103.0,6.0,103.73907741093174,never
101928.0,42.0,female,39.0,164.1,0.7422303473491774,146.66666666666666,84.0,82.0,48.0,158.0,5.9,111.053572721151,never
101941.0,44.0,female,43.3,161.8,0.7558714462299134,123.33333333333333,80.66666666666667,90.0,77.0,122.0,6.0,111.27075416542777,never
101950.0,54.0,male,35.7,173.0,0.684971098265896,111.33333333333333,74.0,78.0,56.0,102.0,5.9,102.53694126719333,current
101965.0,44.0,female,28.5,150.0,0.5760000000000001,117.33333333333333,80.0,74.0,26.0,158.0,5.7,113.43803611067987,never
101977.0,45.0,male,34.3,186.2,0.6009667024704619,116.0,75.33333333333333,56.0,54.0,120.0,5.6,109.9923945403879,former
101978.0,44.0,female,35.1,164.8,0.6152912621359223,126.0,76.66666666666667,82.0,64.0,187.0,5.7,77.72534038842115,never
101995.0,59.0,male,35.8,168.7,0.6846473029045643,150.0,64.0,112.0,45.0,221.0,7.0,99.39746767051284,never
102007.0,55.0,female,22.6,144.9,0.6024844720496894,128.0,82.0,60.0,55.0,100.0,6.0,88.28330392417243,never
102008.0,47.0,female,20.2,159.8,0.43366708385481845,114.66666666666667,78.0,60.0,78.0,181.0,5.6,77.28474091086058,never
102012.0,48.0,female,54.7,151.6,0.8449868073878628,122.0,76.0,94.0,45.0,139.0,6.8,107.36295894266918,current
102022.0,46.0,male,31.0,180.0,0.6111111111111112,120.0,78.0,74.0,38.0,160.0,5.6,82.93644810124977,never
102030.0,50.0,female,34.8,158.2,0.7604298356510746,123.33333333333333,81.33333333333333,68.0,50.0,98.0,6.9,112.09344299245797,current
102041.0,42.0,male,25.6,188.6,0.4851537645811241,112.66666666666667,77.33333333333333,72.0,47.0,132.0,5.3,81.48912011199693,former
102045.0,55.0,male,49.4,180.7,0.827338129496403,140.66666666666666,86.0,72.0,43.0,104.0,5.6,106.57262503843263,current
102050.0,47.0,male,33.5,179.6,0.5779510022271714,120.66666666666667,78.66666666666667,58.0,61.0,180.0,5.5,72.86951269184044,never
102067.0,55.0,male,26.9,175.8,0.573947667804323,122.66666666666667,62.0,62.0,42.0,138.0,5.2,102.61944208753508,current
102072.0,50.0,female,35.1,154.4,0.6962435233160621,123.33333333333333,64.0,54.0,37.0,140.0,6.9,120.50099891689698,never
102073.0,43.0,male,29.4,173.5,0.5936599423631124,134.66666666666666,85.33333333333333,56.0,34.0,159.0,5.4,86.36230633311139,current
102081.0,49.0,female,40.1,155.7,0.7334617854849069,106.0,78.66666666666667,66.0,54.0,171.0,5.5,88.9313961252846,former
102082.0,58.0,male,48.1,190.2,0.8627760252365931,140.0,86.0,78.0,50.0,106.0,7.1,93.96529707625147,never
102111.0,53.0,male,27.0,176.9,0.5692481628038439,107.33333333333333,76.0,62.0,49.0,138.0,5.4,105.42745048076111,never
102121.0,53.0,female,28.3,158.4,0.5808080808080808,120.0,74.0,70.0,42.0,147.0,5.2,103.35118359176776,never
102130.0,56.0,male,32.0,167.7,0.629695885509839,140.66666666666666,67.33333333333333,50.0,71.0,101.0,5.2,66.93885455215262,never
102134.0,42.0,female,29.3,164.2,0.6266747868453106,108.66666666666667,66.0,58.0,44.0,123.0,5.0,95.71757264247408,never
102147.0,55.0,female,22.3,161.7,0.5231910946196661,176.66666666666666,90.66666666666667,78.0,51.0,176.0,7.9,106.36695635004453,never
102151.0,44.0,female,22.3,161.4,0.5297397769516728,101.33333333333333,71.33333333333333,68.0,64.0,104.0,5.7,117.41845043890702,never
102154.0,41.0,male,32.8,179.8,0.6307007786429366,128.0,78.0,68.0,38.0,167.0,5.4,101.83863388834045,never
102155.0,47.0,male,30.4,166.8,0.6384892086330934,120.66666666666667,80.0,66.0,40.0,172.0,5.7,119.2209602035099,never
102168.0,59.0,female,28.9,164.9,0.5494238932686476,160.0,83.33333333333333,74.0,45.0,108.0,5.6,97.88520137183167,never
102179.0,42.0,male,40.1,179.1,0.6923506420993858,142.0,107.33333333333333,72.0,41.0,75.0,8.7,102.48698346124004,current
102181.0,43.0,female,32.1,162.3,0.6561922365988909,126.66666666666667,60.0,90.0,151.0,113.0,4.9,98.09667977649853,former
102185.0,45.0,male,41.9,181.7,0.7760044028618602,137.33333333333334,84.66666666666667,96.0,38.0,249.0,11.3,100.59251994227594,never
102191.0,58.0,male,33.7,179.3,0.6614612381483547,119.33333333333333,76.66666666666667,78.0,36.0,114.0,5.9,83.23019426426951,never
102199.0,57.0,male,37.3,178.3,0.6842400448681997,158.0,92.66666666666667,64.0,37.0,101.0,5.6,110.41950538766143,never
102201.0,47.0,female,20.7,172.4,0.4611368909512761,137.33333333333334,80.66666666666667,66.0,55.0,114.0,5.2,105.47004460681335,current
102204.0,49.0,female,27.0,170.9,0.604447045055588,110.66666666666667,71.33333333333333,106.0,41.0,311.0,5.7,104.16627032220356,current
102215.0,48.0,male,30.3,181.9,0.582737768004398,126.66666666666667,88.66666666666667,62.0,44.0,221.0,5.2,110.87037412282724,never
102218.0,48.0,female,22.4,165.7,0.551599275799638,137.33333333333334,83.33333333333333,72.0,58.0,211.0,5.0,101.37963152851904,current
102225.0,41.0,male,27.8,192.5,0.5314285714285714,116.0,70.66666666666667,60.0,42.0,117.0,5.2,111.56031676866206,former
102229.0,57.0,male,29.1,169.1,0.6132465996451804,154.0,62.0,72.0,50.0,120.0,5.5,113.75143799469095,former
102234.0,41.0,male,44.6,180.4,0.7560975609756098,131.33333333333334,93.33333333333333,70.0,35.0,124.0,5.8,113.59672094609708,never
102238.0,49.0,female,56.5,162.0,0.9166666666666666,124.0,90.0,82.0,49.0,103.0,5.6,70.75641852707409,never
102248.0,48.0,male,25.5,166.8,0.5059952038369304,108.66666666666667,76.66666666666667,64.0,60.0,194.0,5.2,86.56930941372897,current
102256.0,40.0,male,25.8,181.2,0.5452538631346578,125.33333333333333,94.0,78.0,34.0,162.0,4.7,87.98877158972857,never
102258.0,51.0,female,19.5,152.2,0.48883048620236536,102.66666666666667,72.0,68.0,57.0,155.0,5.6,108.17368069643727,never
102269.0,54.0,female,37.2,149.9,0.7131420947298199,135.33333333333334,82.66666666666667,80.0,69.0,121.0,5.9,93.05844351138619,never
102281.0,54.0,female,27.8,151.9,0.6135615536537196,127.33333333333333,82.0,66.0,52.0,123.0,6.6,104.17727330165486,never
102309.0,55.0,female,38.6,157.3,0.7412587412587411,121.33333333333333,72.66666666666667,70.0,58.0,138.0,5.3,98.68067050129216,never
102317.0,59.0,male,36.1,189.0,0.6968253968253968,98.66666666666667,56.666666666666664,66.0,32.0,103.0,8.1,98.71754636500404,former
102322.0,45.0,male,19.0,172.2,0.41289198606271776,123.33333333333333,78.0,58.0,60.0,115.0,6.0,104.54147450817814,former
102331.0,53.0,male,24.6,171.6,0.5285547785547786,144.0,83.33333333333333,78.0,49.0,143.0,5.3,70.20043765493293,former
102338.0,54.0,male,28.9,195.6,0.5623721881390593,125.33333333333333,86.66666666666667,58.0,39.0,121.0,5.0,84.35246667173428,never
102342.0,52.0,male,27.9,170.3,0.5766294773928361,125.33333333333333,81.33333333333333,74.0,43.0,291.0,5.3,103.46260775970478,current
102369.0,42.0,female,27.8,149.6,0.6617647058823529,140.0,78.66666666666667,82.0,63.0,152.0,5.6,119.44576418191338,never
102371.0,54.0,male,26.8,178.5,0.5400560224089637,168.66666666666666,96.0,64.0,53.0,118.0,5.3,52.453615424653016,never
102377.0,59.0,female,27.3,147.9,0.521974306964165,127.33333333333333,74.66666666666667,78.0,36.0,226.0,5.7,104.61939313134867,never
102378.0,40.0,female,28.9,155.4,0.6267696267696268,111.33333333333333,68.66666666666667,64.0,37.0,149.0,5.4,112.05430679879757,never
102381.0,42.0,male,33.4,184.6,0.6359696641386783,123.33333333333333,78.0,80.0,41.0,194.0,5.3,81.48912011199693,former
102382.0,44.0,male,24.9,169.9,0.47086521483225424,113.33333333333333,77.33333333333333,78.0,48.0,155.0,5.3,99.95615505827939,never
102396.0,45.0,male,31.3,180.3,0.6211869107043816,120.0,92.66666666666667,64.0,35.0,120.0,5.3,80.82546140589773,former
102400.0,42.0,male,25.7,173.2,0.5207852193995381,114.0,74.66666666666667,80.0,66.0,73.0,5.8,82.34765100930741,never
102401.0,44.0,female,19.8,153.2,0.5221932114882507,87.33333333333333,66.66666666666667,86.0,66.0,112.0,5.4,140.08434650010506,former
102405.0,49.0,male,31.9,185.5,0.6075471698113207,140.66666666666666,95.33333333333333,72.0,55.0,150.0,5.6,106.145522214151,never
102410.0,44.0,male,36.1,175.7,0.6442800227660787,94.0,71.33333333333333,60.0,59.0,162.0,5.6,108.00503709324838,never
102415.0,54.0,female,38.5,153.4,0.7190352020860495,152.0,76.0,78.0,57.0,91.0,12.1,112.48741494373982,never
102421.0,57.0,female,23.1,158.0,0.5234177215189874,134.0,87.33333333333333,70.0,72.0,150.0,5.7,105.92883882825446,never
102428.0,41.0,male,46.1,182.5,0.7621917808219177,125.33333333333333,71.33333333333333,82.0,37.0,184.0,7.2,111.95506732606644,former
102434.0,44.0,female,40.7,165.3,0.7489413188142771,116.66666666666667,76.0,64.0,81.0,129.0,5.2,75.76591014045789,never
102436.0,56.0,female,23.2,161.1,0.5661080074487896,101.33333333333333,67.33333333333333,78.0,36.0,163.0,5.5,101.79312063902118,never
102443.0,56.0,female,19.8,153.3,0.45662100456621,115.33333333333333,79.33333333333333,66.0,83.0,65.0,5.5,104.0494974731224,never
102457.0,58.0,male,24.7,172.1,0.5653689715281813,100.66666666666667,68.0,78.0,45.0,171.0,4.8,105.02753256460086,current
102464.0,46.0,male,26.3,172.9,0.5592828224407171,108.66666666666667,78.0,72.0,35.0,127.0,5.1,76.29158766645818,never
102467.0,58.0,female,34.9,162.4,0.6557881773399015,153.33333333333334,69.33333333333333,72.0,64.0,112.0,6.5,67.73326075563659,never
102472.0,41.0,male,32.3,182.4,0.5460526315789473,144.66666666666666,72.66666666666667,56.0,45.0,121.0,6.0,76.38467720755585,never
102473.0,41.0,female,26.4,154.0,0.5233766233766234,116.66666666666667,68.0,70.0,63.0,75.0,5.5,114.22340462144503,never
102474.0,52.0,female,42.2,156.7,0.7217613273771538,159.33333333333334,88.66666666666667,94.0,41.0,159.0,5.9,76.92067716706174,never
102501.0,45.0,male,36.6,173.4,0.7087658592848904,128.0,84.66666666666667,76.0,28.0,115.0,6.1,71.67857454002457,current
102506.0,51.0,female,27.7,158.3,0.5849652558433354,126.66666666666667,67.33333333333333,70.0,44.0,135.0,6.2,110.42636666590217,never
102512.0,59.0,female,31.0,174.1,0.6214819069500288,149.33333333333334,86.66666666666667,60.0,63.0,157.0,5.6,70.80232492758533,former
102515.0,56.0,male,24.9,174.6,0.5509736540664376,114.0,64.66666666666667,60.0,47.0,135.0,4.9,104.26289405553428,former
102516.0,46.0,male,40.2,183.7,0.7327163854109962,144.0,92.66666666666667,98.0,44.0,171.0,5.5,87.6528351951641,never
102518.0,44.0,female,39.1,152.7,0.6751800916830386,114.66666666666667,74.66666666666667,90.0,60.0,152.0,5.6,95.99058704884304,never
102526.0,42.0,male,38.6,172.4,0.7099767981438515,138.0,87.33333333333333,60.0,63.0,128.0,5.5,90.88869714602983,never
102533.0,55.0,male,38.9,181.4,0.7513781697905182,126.0,77.33333333333333,90.0,48.0,123.0,6.4,110.26548050563184,current
102551.0,58.0,female,44.0,168.4,0.6656769596199524,156.0,77.33333333333333,74.0,50.0,167.0,5.9,77.18003328184585,current
102553.0,50.0,male,26.3,161.7,0.5924551638837353,134.0,86.66666666666667,70.0,66.0,95.0,6.0,93.94154215971133,never
102556.0,50.0,male,33.1,178.9,0.6383454443823365,135.33333333333334,82.66666666666667,60.0,48.0,142.0,5.6,89.53828465816017,current
102559.0,53.0,male,29.2,162.0,0.5796296296296297,124.0,79.33333333333333,60.0,41.0,148.0,7.7,110.17842804670302,never
102573.0,54.0,male,30.5,172.2,0.5865272938443671,135.0,86.0,70.0,44.0,69.0,10.6,76.42564703175121,never
102581.0,50.0,male,21.7,168.2,0.44411414982164094,112.0,70.66666666666667,54.0,48.0,143.0,6.4,105.48741997642325,current
102586.0,52.0,male,27.2,163.0,0.588957055214724,139.33333333333334,79.33333333333333,56.0,47.0,189.0,5.3,91.65680776065304,former
102591.0,59.0,female,31.4,153.8,0.7126137841352405,134.0,92.66666666666667,68.0,93.0,176.0,5.3,99.91148311765663,never
102605.0,57.0,female,34.7,167.3,0.675433353257621,120.66666666666667,72.66666666666667,84.0,121.0,192.0,11.1,102.25156491304004,former
102616.0,56.0,female,23.2,159.5,0.49341692789968655,94.66666666666667,60.666666666666664,70.0,60.0,153.0,5.6,102.88947968710006,never
102620.0,48.0,male,28.6,174.7,0.5935890097309674,118.66666666666667,75.33333333333333,60.0,39.0,197.0,5.6,82.80561159478984,never
102622.0,46.0,male,30.6,178.4,0.6098654708520179,108.66666666666667,70.66666666666667,72.0,46.0,158.0,5.5,88.65553351493259,current
102626.0,46.0,male,27.0,181.0,0.519889502762431,101.33333333333333,70.0,70.0,54.0,218.0,5.2,92.88537911132154,never
102633.0,41.0,female,34.0,164.4,0.6228710462287105,118.66666666666667,74.0,66.0,52.0,194.0,4.8,81.28221368320538,never
102635.0,40.0,female,21.6,166.1,0.4617700180614088,107.33333333333333,75.33333333333333,62.0,72.0,73.0,5.0,110.16310870388523,never
102642.0,44.0,female,28.3,164.4,0.5675182481751825,131.33333333333334,78.0,76.0,42.0,156.0,7.3,115.33997051144716,never
102644.0,53.0,male,29.6,174.9,0.5883361921097771,122.66666666666667,73.33333333333333,60.0,41.0,167.0,6.0,107.05229469143296,former
102649.0,57.0,male,33.7,186.3,0.6462694578636607,121.33333333333333,69.33333333333333,76.0,58.0,129.0,5.6,64.07518964994532,current
102661.0,59.0,female,48.1,161.4,0.7973977695167285,140.66666666666666,82.66666666666667,64.0,46.0,138.0,5.6,66.48991323629964,former
102666.0,44.0,female,28.5,153.1,0.6211626387981711,104.0,76.0,82.0,78.0,145.0,5.2,95.99058704884304,never
102667.0,50.0,male,29.7,175.1,0.6213592233009709,122.0,71.33333333333333,82.0,27.0,271.0,5.8,109.9387263112153,never
102673.0,47.0,female,18.2,158.5,0.45047318611987386,98.0,60.666666666666664,80.0,74.0,87.0,5.1,110.89849120736291,never
102686.0,51.0,female,28.9,150.8,0.623342175066313,126.66666666666667,86.0,86.0,54.0,127.0,6.7,101.16635950138888,never
102688.0,53.0,female,28.0,169.4,0.6298701298701299,130.0,81.33333333333333,74.0,60.0,156.0,5.9,104.44798229481503,never
102694.0,55.0,female,33.4,156.3,0.6609085092770313,115.33333333333333,76.0,64.0,70.0,80.0,5.7,88.28330392417243,never
102704.0,52.0,female,36.9,163.4,0.664626682986536,134.0,68.66666666666667,80.0,58.0,102.0,8.4,113.89533901064016,never
102706.0,40.0,male,24.1,174.5,0.5266475644699141,110.0,70.66666666666667,66.0,38.0,199.0,5.6,111.0998561455508,current
102720.0,59.0,male,29.7,181.8,0.5891089108910891,142.66666666666666,74.66666666666667,80.0,66.0,98.0,6.1,104.80611692547292,never
102721.0,53.0,female,28.0,157.1,0.6104392106938257,99.33333333333333,58.0,90.0,74.0,163.0,5.4,110.51814774912278,never
102724.0,43.0,male,31.0,167.4,0.6367980884109916,128.0,78.0,72.0,38.0,151.0,6.3,112.19248826431864,former
102730.0,54.0,male,32.6,165.0,0.7018181818181818,112.0,65.33333333333333,72.0,58.0,203.0,10.9,119.77940807763954,former
102743.0,45.0,male,32.5,169.8,0.6295641931684335,118.66666666666667,78.0,70.0,40.0,83.0,11.4,120.71316321336167,former
102747.0,57.0,female,24.3,166.7,0.5458908218356329,126.0,88.66666666666667,78.0,71.0,148.0,5.4,103.8038961936148,former
102750.0,50.0,male,31.7,167.2,0.660287081339713,120.66666666666667,76.0,68.0,40.0,179.0,7.5,107.81669791752199,never
102753.0,50.0,male,30.6,174.1,0.5743825387708213,118.66666666666667,80.66666666666667,66.0,54.0,165.0,5.4,84.54120680094985,never
102754.0,50.0,male,31.0,176.8,0.6063348416289592,149.33333333333334,102.66666666666667,88.0,70.0,149.0,7.5,83.60273198078316,never
102759.0,47.0,female,21.7,178.9,0.48295136948015654,122.0,82.0,74.0,126.0,65.0,5.4,92.78689431000524,never
102766.0,46.0,female,20.7,150.8,0.49403183023872677,119.33333333333333,72.0,90.0,67.0,132.0,5.2,112.9548775014288,never
102768.0,49.0,male,32.1,178.4,0.6418161434977578,113.33333333333333,70.0,72.0,44.0,182.0,5.4,106.52111279397073,former
102772.0,56.0,male,32.8,176.2,0.6606129398410897,114.66666666666667,79.33333333333333,90.0,38.0,161.0,5.4,83.30973859382364,never
102775.0,58.0,male,41.0,176.3,0.7952353942144071,90.0,69.33333333333333,120.0,30.0,130.0,10.7,70.09764379713862,former
102779.0,57.0,male,31.9,168.8,0.6492890995260663,108.66666666666667,73.33333333333333,56.0,33.0,147.0,5.2,53.11407439191217,never
102785.0,54.0,female,24.6,159.1,0.5229415461973602,116.0,49.333333333333336,60.0,56.0,198.0,5.3,86.20849678187895,never
102786.0,46.0,female,23.6,155.8,0.5391527599486521,139.33333333333334,91.33333333333333,76.0,43.0,168.0,7.9,112.03576502101555,former
102788.0,42.0,female,33.5,160.6,0.6687422166874222,158.66666666666666,106.0,74.0,52.0,178.0,5.6,95.71757264247408,never
102790.0,47.0,male,28.6,173.3,0.5701096364685516,114.0,80.66666666666667,78.0,49.0,131.0,5.2,94.55179225738539,never
102798.0,57.0,female,32.6,164.8,0.6516990291262136,117.33333333333333,80.66666666666667,78.0,47.0,106.0,5.8,67.32211965777641,never
102801.0,58.0,female,35.1,154.2,0.767833981841764,158.0,90.0,78.0,42.0,91.0,8.4,100.88913449115563,never
102811.0,41.0,female,24.3,164.4,0.546228710462287,100.0,61.333333333333336,80.0,65.0,86.0,5.1,113.79070800031018,never
102816.0,42.0,female,32.5,152.3,0.690741956664478,124.0,72.0,84.0,60.0,111.0,5.4,117.29182873442791,never
102819.0,48.0,female,26.2,164.6,0.5540704738760632,112.0,64.66666666666667,78.0,48.0,127.0,5.5,112.02714804531053,current
102820.0,57.0,female,26.7,167.0,0.5341317365269461,145.33333333333334,101.33333333333333,60.0,83.0,206.0,5.4,102.25156491304004,former
102823.0,55.0,female,25.0,160.3,0.5739238927011853,133.33333333333334,82.66666666666667,62.0,49.0,216.0,6.0,104.69862897275345,former
102826.0,58.0,female,32.7,149.1,0.6525821596244131,111.33333333333333,58.666666666666664,66.0,54.0,147.0,5.7,104.40077184911601,never
102831.0,51.0,female,27.5,145.1,0.6443831840110269,105.33333333333333,76.0,74.0,49.0,229.0,5.8,109.04625688610659,never
102834.0,57.0,male,34.0,181.1,0.6742131419105466,170.66666666666666,100.0,66.0,75.0,147.0,6.2,92.19268074278332,current
102836.0,40.0,male,34.3,165.1,0.663840096910963,145.33333333333334,100.0,78.0,42.0,108.0,7.4,127.78400465065492,former
102838.0,41.0,male,31.6,179.8,0.6268075639599555,126.66666666666667,76.66666666666667,80.0,41.0,98.0,5.4,98.14672466577782,never
102850.0,54.0,male,44.3,168.2,0.8127229488703924,133.33333333333334,78.66666666666667,60.0,43.0,152.0,5.5,85.32669783794456,never
102851.0,58.0,male,31.5,183.1,0.626979792463135,125.33333333333333,72.66666666666667,62.0,58.0,167.0,5.9,77.81255814000252,former
102854.0,45.0,male,40.9,164.6,0.7515188335358445,143.33333333333334,96.66666666666667,64.0,47.0,137.0,6.4,95.73522903521797,never
102861.0,41.0,female,57.7,164.6,0.9307411907654921,131.33333333333334,49.333333333333336,78.0,42.0,96.0,5.7,83.4789899538423,never
102865.0,44.0,female,47.0,175.0,0.8245714285714286,129.33333333333334,81.33333333333333,96.0,41.0,158.0,6.6,100.61637229246554,former
102870.0,51.0,female,26.4,159.2,0.5439698492462312,117.33333333333333,82.66666666666667,74.0,61.0,136.0,5.4,110.42636666590217,never
102880.0,51.0,female,25.7,152.4,0.5492125984251969,146.0,90.0,62.0,59.0,171.0,5.5,111.90142391493266,never
102886.0,50.0,female,30.2,155.5,0.6302250803858521,124.66666666666667,79.33333333333333,88.0,49.0,161.0,7.2,109.28301133784741,never
102889.0,47.0,male,31.6,177.8,0.6119235095613048,121.33333333333333,74.0,64.0,46.0,126.0,5.6,90.16278735178363,never
102893.0,44.0,female,27.2,164.6,0.5795868772782503,106.0,54.0,60.0,47.0,145.0,5.7,113.43803611067987,current
102895.0,43.0,male,35.6,181.8,0.6452145214521452,139.33333333333334,86.0,70.0,40.0,127.0,7.8,99.3367502559088,current
102908.0,51.0,male,24.7,172.4,0.5568445475638051,132.0,77.33333333333333,98.0,41.0,164.0,13.2,118.69816052386503,current
102911.0,55.0,female,19.8,169.8,0.46289752650176674,128.66666666666666,72.0,68.0,44.0,208.0,5.8,70.75591655455705,current
102921.0,53.0,male,30.6,170.9,0.6284376828554711,135.33333333333334,72.66666666666667,74.0,61.0,83.0,5.1,104.27587326191404,former
102923.0,43.0,female,35.1,173.9,0.7360552041403104,129.33333333333334,89.33333333333333,70.0,39.0,123.0,5.9,92.31263671757385,former
102943.0,48.0,female,37.4,181.1,0.6786305908337935,129.33333333333334,79.33333333333333,74.0,58.0,165.0,5.7,108.53679703753811,never
102944.0,55.0,male,29.6,163.1,0.6535867565910485,129.33333333333334,91.33333333333333,82.0,50.0,164.0,5.4,103.36001908922017,never
102953.0,42.0,male,35.8,164.9,0.6961795027289266,120.66666666666667,75.33333333333333,78.0,49.0,133.0,5.9,106.51030886870623,former
102954.0,41.0,female,26.1,162.6,0.5313653136531366,116.0,70.66666666666667,78.0,54.0,118.0,5.2,111.74640040365365,never
